rank,continent,country_ko,country_en,city_ko,city_en,highlights
1,유럽,프랑스,France,파리,Paris,"에펠탑, 루브르 박물관 모나리자, 샹젤리제 거리 개선문, 노트르담 대성당, 센강 유람선"
2,유럽,프랑스,France,니스,Nice,"코트다쥐르 지중해 에메랄드 해변, 프롬나드 데 장글레 해안 산책로, 샤갈 미술관"
3,유럽,프랑스,France,리옹,Lyon,"프랑스 미식의 수도, 유네스코 르네상스 구시가지 트라불 골목, 푸르비에르 언덕 성당"
4,유럽,프랑스,France,마르세유,Marseille,"지중해 최대 항구도시 구항구, 몬테크리스토 백작 이프 섬, 칼랑크 국립공원 피오르드"
5,유럽,프랑스,France,보르도,Bordeaux,"세계 최고의 와인 수도 라 시테 뒤 뱅 와인 박물관, 부르스 광장 물의 거울 분수"
6,유럽,프랑스,France,스트라스부르,Strasbourg,"동화 같은 쁘띠 프랑스 목조 가옥 운하, 스트라스부르 고딕 대성당, 유럽의회"
7,유럽,프랑스,France,툴루즈,Toulouse,"장미빛 테라코타 벽돌 도시, 유럽 항공우주 에어버스 조립공장, 카피톨 광장"
8,유럽,프랑스,France,칸,Cannes,"세계 3대 칸 국제영화제 팔레 데 페스티발, 크루아제트 명품 해변 거리"
9,유럽,프랑스,France,아비뇽,Avignon,"14세기 로마 교황들의 아비뇽 교황청 웅장한 요새, 론강 생베네제 끊어진 다리"
10,유럽,프랑스,France,엑상프로방스,Aix-en-Provence,"화가 폴 세잔의 고향 아틀리에, 미라보 대로 수많은 분수, 프로방스 감성"
11,유럽,프랑스,France,몽펠리에,Montpellier,"프랑스에서 가장 오래된 의과대학, 활기찬 코메디 광장, 개선문"
12,유럽,프랑스,France,낭트,Nantes,"브르타뉴 공작성, 쥘 베른 상상력 기계섬 거대한 움직이는 기계 코끼리"
13,유럽,프랑스,France,릴,Lille,"플랑드르 양식 붉은 벽돌 그랑플라스 광장, 샤를 드골 생가, 북부 문화 중심지"
14,유럽,프랑스,France,렌,Rennes,"브르타뉴 수도, 중세 목조 가옥(콜롬바주), 유서 깊은 타보르 프랑스식 정원"
15,유럽,프랑스,France,루앙,Rouen,"클로드 모네 연작 루앙 대성당, 잔 다르크 화형터 추모 성당, 대시계 거리"
16,유럽,프랑스,France,랭스,Reims,"프랑스 25명 국왕 대관식 랭스 노트르담 대성당, 샹파뉴 샴페인 까브 투어"
17,유럽,프랑스,France,디종,Dijon,"부르고뉴 공작 궁전, 디종 머스터드 겨자, 세계적인 부르고뉴 와인 루트 출발지"
18,유럽,프랑스,France,콜마르,Colmar,"애니메이션 하울의 움직이는 성 모티브, 동화 속 쁘띠 베니스 운하 나룻배"
19,유럽,프랑스,France,안시,Annecy,"알프스의 베니스 투명한 안시 호수, 사랑의 다리, 운하 감옥 팔레 드 릴"
20,유럽,프랑스,France,샤모니,Chamonix,"서유럽 최고봉 몽블랑(4,807m), 에귀디미디 전망대 케이블카, 메르 드 글라스 빙하"
21,유럽,프랑스,France,생말로,Saint-Malo,"영불해협 대서양 화강암 성벽 요새 해적 도시, 조수간만의 차 웅장한 파도"
22,유럽,프랑스,France,비아리츠,Biarritz,"나폴레옹 3세 황실 휴양지 오텔 뒤 팔레, 대서양 유럽 서핑의 발상지"
23,유럽,프랑스,France,카르카손,Carcassonne,유럽 최대 이중 성벽과 52개 망루 완벽 보존 중세 요새도시 시테 유네스코 유산
24,유럽,프랑스,France,투르,Tours,"프랑스어의 표준지, 루아르 계곡 고성 투어의 중심 관문, 플뤼므로 광장"
25,유럽,프랑스,France,그르노블,Grenoble,"알프스의 수도, 동그란 방울 케이블카(레 뷜) 타고 오르는 바스티유 요새"
26,유럽,프랑스,France,베르사유,Versailles,태양왕 루이 14세의 절대왕정 베르사유 궁전 거울의 방과 분수 대정원
27,유럽,프랑스,France,앙티브,Antibes,"그리말디 성 피카소 미술관, 지중해 억만장자 슈퍼요트 정박 부두"
28,유럽,프랑스,France,생트로페,Saint-Tropez,"브리지트 바르도가 사랑한 최고급 지중해 휴양 어촌, 팜플론 비치 클럽"
29,유럽,프랑스,France,망통,Menton,"이탈리아 국경 온화한 기후, 매년 2월 황금빛 레몬 축제, 장 콕토 미술관"
30,유럽,프랑스,France,지베르니,Giverny,"인상파 거장 클로드 모네의 생가 정원, 일본식 수련 다리와 연못"
31,유럽,프랑스,France,퐁텐블로,Fontainebleau,프랑수아 1세부터 나폴레옹까지 거쳐간 퐁텐블로 왕궁과 거대한 숲
32,유럽,프랑스,France,앙부아즈,Amboise,"루아르강 굽어보는 앙부아즈 왕실 성, 레오나르도 다빈치의 마지막 저택 클로 뤼세"
33,유럽,프랑스,France,아를,Arles,"빈센트 반 고흐가 그린 밤의 카페 테라스와 노란 집, 로마 원형투우장"
34,유럽,프랑스,France,님,Nimes,로마 시대 거의 완벽하게 보존된 원형경기장 아레나와 신전 메종 카레
35,유럽,프랑스,France,옹플뢰르,Honfleur,"노르망디 센강 어귀 인상파 화가들의 요람, 좁고 높은 목조 주택 옛 항구"
36,유럽,영국,United Kingdom,런던,London,"엘리자베스 타워 빅벤, 버킹엄 궁전 근위병 교대식, 런던아이, 타워브리지, 대영박물관"
37,유럽,영국,United Kingdom,에든버러,Edinburgh,"바위산 위 에든버러 성, 로열 마일 자갈길, 세계 최대 에든버러 프린지 페스티벌"
38,유럽,영국,United Kingdom,맨체스터,Manchester,"세계 최초 산업혁명 도시, 맨체스터 유나이티드 올드 트래퍼드, 브릿팝 오아시스 고향"
39,유럽,영국,United Kingdom,리버풀,Liverpool,"전설의 밴드 비틀즈의 고향 캐번 클럽, 유네스코 앨버트 독 창고군, 안필드 구장"
40,유럽,영국,United Kingdom,옥스퍼드,Oxford,"800년 역사의 명문 대학도시, 해리포터 식당 크라이스트 처치 칼리지, 보들리언 도서관"
41,유럽,영국,United Kingdom,케임브리지,Cambridge,"캠강 펀팅 보트 투어, 뉴턴의 사과나무, 킹스 칼리지 예배당 웅장한 부채꼴 천장"
42,유럽,영국,United Kingdom,바스,Bath,"2,000년 전 천연 온천 로만 바스 유적, 완벽한 반원형 조지아 양식 로열 크레센트"
43,유럽,영국,United Kingdom,요크,York,"북유럽 최대 고딕 대성당 요크 민스터, 해리포터 다이애건 앨리 모티브 중세 골목 섐블즈"
44,유럽,영국,United Kingdom,브리스톨,Bristol,"얼굴 없는 거리 예술가 뱅크시의 고향, 에이번 협곡 클리프턴 현수교, 국제 열기구 축제"
45,유럽,영국,United Kingdom,글래스고,Glasgow,"스코틀랜드 최대 활기찬 도시, 찰스 레니 매킨토시 아르누보 건축, 켈빈그로브 미술관"
46,유럽,영국,United Kingdom,벨파스트,Belfast,"비운의 호화 유람선 타이타닉 건조지 타이타닉 벨파스트 박물관, 북아일랜드 분쟁 벽화"
47,유럽,영국,United Kingdom,카디프,Cardiff,"웨일스의 수도, 로마 성채 위에 지은 카디프 성, 럭비의 성지 프린시펄리티 스타디움"
48,유럽,영국,United Kingdom,버밍엄,Birmingham,"영국 제2의 도시, 베네치아보다 긴 운하망 워터프론트, 피키 블라인더스 역사"
49,유럽,영국,United Kingdom,뉴캐슬,Newcastle upon Tyne,"타인강을 가로지르는 7개 다리와 밀레니엄 브리지 회전교, 조디 방언 문화"
50,유럽,영국,United Kingdom,인버네스,Inverness,"스코틀랜드 하이랜드의 수도, 네스호 괴물 네시 전설 어쿼트 성 유적"
51,유럽,영국,United Kingdom,브라이턴,Brighton,"남부 해변 휴양지, 인도-사라센 양식 영국 왕실 별궁 로열 파빌리온, 브라이턴 피어"
52,유럽,영국,United Kingdom,캔터베리,Canterbury,"영국 성공회 총본산 캔터베리 대성당, 초서의 캔터베리 이야기 순례길"
53,유럽,영국,United Kingdom,스트랫퍼드어폰에이번,Stratford-upon-Avon,"대문호 윌리엄 셰익스피어 생가와 앤 해서웨이 코티지, 로열 셰익스피어 극장"
54,유럽,영국,United Kingdom,애버딘,Aberdeen,"은빛 화강암으로 지어진 화강암의 도시, 스코틀랜드 북해 해양 에너지 허브"
55,유럽,영국,United Kingdom,세인트앤드루스,St Andrews,"600년 역사 골프의 발상지 올드 코스 18번 홀 스윌컨 다리, 윌리엄 왕세자 모교"
56,유럽,영국,United Kingdom,윈저,Windsor,"엘리자베스 여왕이 가장 사랑한 왕실 공식 주거지 윈저 성, 롱 워크 잔디 산책로"
57,유럽,영국,United Kingdom,체스터,Chester,"완전한 2마일 중세 붉은 사암 성벽, 흑백 튜더 양식 복층 상가 더 로우스"
58,유럽,영국,United Kingdom,더럼,Durham,웨어강 절벽 위 유네스코 웅장한 노르만 양식 더럼 대성당과 고성
59,유럽,영국,United Kingdom,솔즈베리,Salisbury,"세계 불가사의 거석 스톤헨지 관문 도시, 영국 최고 123m 첨탑 솔즈베리 대성당"
60,유럽,영국,United Kingdom,포트리,Portree (Isle of Skye),"스코틀랜드 스카이섬 주도, 파스텔톤 항구, 신비로운 퀴랑과 올드맨 오브 스토르"
61,유럽,이탈리아,Italy,로마,Rome,"콜로세움 원형경기장, 바티칸 성 베드로 대성당, 트레비 분수 동전 던지기, 판테온"
62,유럽,이탈리아,Italy,피렌체,Florence,"르네상스의 요람 산타 마리아 델 피오레 두오모 돔, 우피치 미술관 보티첼리, 베키오 다리"
63,유럽,이탈리아,Italy,베네치아,Venice,"산마르코 광장과 대성당, 곤돌라와 대운하, 리알토 다리, 부라노 알록달록 섬"
64,유럽,이탈리아,Italy,밀라노,Milan,"고딕 첨탑 밀라노 두오모 대성당 지붕 테라스, 다빈치 최후의 만찬, 패션 사각지대"
65,유럽,이탈리아,Italy,나폴리,Naples,"화덕 피자의 본고장 나폴리탄 피자, 베수비오 화산, 화려한 스파카 나폴리 골목길"
66,유럽,이탈리아,Italy,토리노,Turin,"카이로 다음 세계 2위 이집트 박물관, 몰레 안토넬리아나 국립영화박물관, 피아트"
67,유럽,이탈리아,Italy,볼로냐,Bologna,"이탈리아 최고의 미식 볼로네제 파스타, 세계 최고(最古) 볼로냐 대학, 붉은 지붕 회랑길"
68,유럽,이탈리아,Italy,베로나,Verona,"셰익스피어 로미오와 줄리엣의 발코니, 고대 로마 아레나 여름 야외 오페라 축제"
69,유럽,이탈리아,Italy,팔레르모,Palermo,"시칠리아 주도 노르만 궁전 팔라티나 예배당 황금 모자이크, 발라로 활기찬 길거리 음식"
70,유럽,이탈리아,Italy,제노바,Genoa,"신대륙 발견 콜럼버스의 생가, 유네스코 롤리 궁전군, 지중해 최대 수족관"
71,유럽,이탈리아,Italy,피사,Pisa,"기울어진 세계 7대 불가사의 피사의 사탑, 미라콜리 광장 두오모와 세례당"
72,유럽,이탈리아,Italy,시에나,Siena,"조개 모양 캄포 광장 중세 팔리오 경마 축제, 줄무늬 대리석 시에나 두오모"
73,유럽,이탈리아,Italy,카타니아,Catania,"유럽 최고 활화산 에트나 화산 기슭, 검은 용암석 바로크 두오모 광장 코끼리 분수"
74,유럽,이탈리아,Italy,바리,Bari,"산타클로스 모티브 성 니콜라오 유골이 안치된 성 니콜라 성당, 풀리아 파스타 거리"
75,유럽,이탈리아,Italy,칼리아리,Cagliari,"사르데냐섬 주도 중세 카스텔로 성채 요새, 플라밍고가 서식하는 몰렌타르지우스 석호"
76,유럽,이탈리아,Italy,파르마,Parma,"파르미지아노 레지아노 치즈와 프로슈토 디 파르마 생햄, 오페라 거장 베르디 극장"
77,유럽,이탈리아,Italy,트리에스테,Trieste,"이탈리아 통일 광장 바다 뷰, 제임스 조이스 문학, 절벽 위 하얀 미라마레 성"
78,유럽,이탈리아,Italy,페루자,Perugia,"움브리아 주도, 유로초콜릿 축제, 11월 4일 광장 중세 분수 폰타나 마조레"
79,유럽,이탈리아,Italy,루카,Lucca,"4km 완전 보존 르네상스 성벽 자전거길, 작곡가 푸치니 생가, 타원형 안피테아트로 광장"
80,유럽,이탈리아,Italy,베르가모,Bergamo,"푸니쿨라 타고 오르는 베네치아 성벽 안 치타 알타(상부 고도), 콜레오니 예배당"
81,유럽,이탈리아,Italy,아말피,Amalfi,"아말피 코스트의 중심, 비잔틴 양식 성 안드레아 두오모 성당, 리몬첼로 레몬주"
82,유럽,이탈리아,Italy,포지타노,Positano,지중해 절벽을 따라 수직으로 다닥다닥 붙은 파스텔톤 가옥과 부겐빌리아 꽃길
83,유럽,이탈리아,Italy,친퀘테레,Cinque Terre,몬테로소부터 리오마조레까지 리구리아해 5개 무지개 절벽 어촌 마을 하이킹
84,유럽,이탈리아,Italy,소렌토,Sorrento,"가곡 돌아오라 소렌토로의 무대, 카프리섬 페리 관문, 절벽 위 타소 광장 호텔들"
85,유럽,이탈리아,Italy,산지미냐노,San Gimignano,"중세 귀족들의 권력 과시 14개 석조 고탑 스카이라인, 세계 챔피언 젤라토 돈돌리"
86,유럽,이탈리아,Italy,마테라,Matera,선사시대부터 이어진 석회암 절벽 동굴 주거지 사시(Sassi) 유네스코 유산
87,유럽,이탈리아,Italy,타오르미나,Taormina,"에트나 화산과 이오니아해 파노라마 배경의 고대 그리스 원형극장, 벨라 섬"
88,유럽,이탈리아,Italy,코르티나담페초,Cortina d'Ampezzo,"돌로미티 알프스의 여왕, 2026 밀라노-코르티나 동계올림픽 무대, 트레치메"
89,유럽,이탈리아,Italy,코모,Como,"알프스 산자락 코모 호수 유람선, 브루나테 푸니쿨라 전망대, 실크 박물관"
90,유럽,이탈리아,Italy,벨라조,Bellagio,"코모 호수의 진주, 호수가 Y자로 갈라지는 꼭짓점, 호화로운 빌라 세르벨로니 정원"
91,유럽,이탈리아,Italy,카프리,Capri,"신비로운 푸른 빛 푸른 동굴(Grotta Azzurra), 바다 위 우뚝 솟은 파라글리오니 바위"
92,유럽,이탈리아,Italy,레체,Lecce,남부의 피렌체 부드러운 석회암에 새긴 정교한 레체 바로크 산타 크로체 성당
93,유럽,이탈리아,Italy,알베로벨로,Alberobello,접착제 없이 돌을 쌓아 올린 원뿔형 지붕 전통 가옥 트룰리(Trulli) 동화 마을
94,유럽,이탈리아,Italy,시라쿠사,Siracusa (Syracuse),"수학자 아르키메데스의 고향, 오르티지아 섬 아폴로 신전과 디오니소스의 귀 동굴"
95,유럽,이탈리아,Italy,라벤나,Ravenna,"세계 최고의 5-6세기 초기 기독교 비잔틴 황금 모자이크 산 비탈레 성당, 단테의 묘"
96,유럽,이탈리아,Italy,아시시,Assisi,"청빈의 성자 성 프란치스코의 고향, 조토의 프레스코화 성 프란치스코 대성당"
97,유럽,이탈리아,Italy,오르비에토,Orvieto,"응회암 절벽 위 슬로시티, 이탈리아 3대 고딕 두오모 파사드 황금빛 부조, 성 파트리치오 우물"
98,유럽,이탈리아,Italy,티볼리,Tivoli,"500개 분수가 뿜어내는 르네상스 분수 정원의 걸작 빌라 데스테, 하드리아누스 별장"
99,유럽,이탈리아,Italy,폼페이,Pompeii,서기 79년 베수비오 화산 폭발로 화산재에 타임캡슐처럼 묻힌 고대 로마 도시 유적
100,유럽,이탈리아,Italy,모데나,Modena,"페라리 창업자 엔초 페라리 박물관, 수십 년 숙성 전통 발사믹 식초 본산지"
101,유럽,스페인,Spain,마드리드,Madrid,"프라도 미술관 벨라스케스 시녀들, 왕궁, 푸에르타 델 솔, 레티로 공원 유리궁전"
102,유럽,스페인,Spain,바르셀로나,Barcelona,"가우디의 걸작 사그라다 파밀리아 성당, 구엘 공원 모자이크 도마뱀, 카사 바트요"
103,유럽,스페인,Spain,세비야,Seville,"플라멩코의 요람, 세계 최대 고딕 세비야 대성당 히랄다 탑, 스페인 광장 타일 다리"
104,유럽,스페인,Spain,발렌시아,Valencia,"원조 파에야의 고향, 산티아고 칼라트라바 설계 미래도시 예술과 과학의 도시, 라스 파야스 불꽃축제"
105,유럽,스페인,Spain,그라나다,Granada,"이슬람 건축의 극치 알람브라 궁전 사자의 중정, 헤네랄리페 정원, 알바이신 석양"
106,유럽,스페인,Spain,코르도바,Cordoba,"856개 대리석 기둥 붉은 아치 숲 메스키타 사원 대성당, 유대인 지구 파티오 꽃길"
107,유럽,스페인,Spain,말라가,Malaga,"화가 파블로 피카소의 고향 미술관, 무어인 알카사바 요새, 지중해 코스타 델 솔 해변"
108,유럽,스페인,Spain,빌바오,Bilbao,"프랭크 게리의 티타늄 조각 구겐하임 미술관, 꽃강아지 퍼피, 바스크 핀초스 바"
109,유럽,스페인,Spain,산세바스티안,San Sebastian,"미슐랭 스타와 핀초스 세계 최고 미식 수도, 조개껍데기 모양 라 콘차 해변"
110,유럽,스페인,Spain,톨레도,Toledo,"타호강이 감싸 도는 스페인 옛 수도, 화가 엘 그레코의 오르가스 백작의 매장, 대성당"
111,유럽,스페인,Spain,살라망카,Salamanca,"스페인에서 가장 오래된 살라망카 대학교 개구리 조각, 황금빛 사암 마요르 광장"
112,유럽,스페인,Spain,산티아고데콤포스텔라,Santiago de Compostela,800km 순례길의 종착지 산티아고 대성당 성 야고보 무덤과 거대 향로 보타푸메이로
113,유럽,스페인,Spain,사라고사,Zaragoza,"에브로 강변 필라르 성모 대성당 타일 돔, 프란시스코 고야 미술관, 알하페리아 궁전"
114,유럽,스페인,Spain,세고비아,Segovia,"모르타르 없이 돌을 쌓은 웅장한 로마 수도교, 백설공주 성 모티브 알카사르 성, 새끼돼지 구이"
115,유럽,스페인,Spain,팔마데마요르카,Palma de Mallorca,"발레아레스 제도 주도 해변 라 세우 고딕 대성당, 벨베르 원형 성, 쇼팽의 발데모사"
116,유럽,스페인,Spain,이비자,Ibiza,"세계 최고의 EDM 클럽 문화, 유네스코 달트 빌라 르네상스 구시가지 성곽, 플라야 덴 보사"
117,유럽,스페인,Spain,알리칸테,Alicante,"지중해 절벽 위 산타 바르바라 성채 파노라마, 650만 개 대리석 타일 에스플라나다 산책로"
118,유럽,스페인,Spain,카디스,Cadiz,"3,000년 역사 서유럽 최고(最古) 항구도시, 대서양 방파제와 카디스 대성당 황금 돔"
119,유럽,스페인,Spain,론다,Ronda,"120m 엘 타호 협곡을 아찔하게 잇는 누에보 다리, 스페인에서 가장 오래된 론다 투우장"
120,유럽,스페인,Spain,타라고나,Tarragona,푸른 지중해를 정면으로 마주보고 서 있는 고대 로마 해변 원형극장 타라코 유적
121,유럽,스페인,Spain,지로나,Girona,"오냐르 강변 파스텔톤 가옥과 에펠 다리, 왕좌의 게임 촬영지 지로나 대성당 계단"
122,유럽,스페인,Spain,팜플로나,Pamplona,"헤밍웨이 소설 태양은 다시 떠오른다 무대, 산 페르민 축제 붉은 스카프 소몰이(엔시에로)"
123,유럽,스페인,Spain,산탄데르,Santander,"스페인 왕실의 여름 궁전 막달레나 궁전, 칸타브리아해 엘 사르디네로 백사장 해변"
124,유럽,스페인,Spain,오비에도,Oviedo,"아스투리아스 주도, 9세기 프리로마네스크 나랑코 산타 마리아 건축, 천연 사과주 시드라"
125,유럽,스페인,Spain,라코루냐,La Coruna,"현역 등대 중 세계 최고(最古) 2,000년 로마 헤라클레스의 탑, 대서양 유리 발코니 도시"
126,유럽,스페인,Spain,쿠엥카,Cuenca,깊은 우에카르 협곡 절벽 끝에 아슬아슬하게 매달려 있는 공중 누각(Casas Colgadas)
127,유럽,스페인,Spain,아빌라,Avila,88개 망루와 9개 문이 완벽하게 둘러싸고 있는 유럽 최고의 중세 성벽 요새도시
128,유럽,스페인,Spain,부르고스,Burgos,스페인 고딕 양식의 정수 유네스코 부르고스 대성당 엘 시드 장군의 무덤
129,유럽,스페인,Spain,마르베야,Marbella,"코스타 델 솔 유럽 슈퍼리치들의 요트 휴양지 푸에르토 바누스, 오렌지 광장"
130,유럽,스페인,Spain,산타크루스데테네리페,Santa Cruz de Tenerife,"칼라트라바 설계 아우디토리오 데 테네리페 파도 건축, 스페인 최고봉 테이데 화산(3,718m)"
131,유럽,스페인,Spain,시체스,Sitges,"바르셀로나 근교 예술가들의 백색 해변 휴양지, 산트 바르토메우 성당, 국제영화제"
132,유럽,스페인,Spain,카다케스,Cadaques,"살바도르 달리가 평생을 그린 코스타 브라바의 하얀 어촌 마을, 포르트이가트 생가"
133,유럽,스페인,Spain,피게레스,Figueres,달걀과 빵 장식 외관의 기상천외한 초현실주의 살바도르 달리 극장 박물관
134,유럽,스페인,Spain,메리다(스페인),Merida (Spain),"스페인 속 작은 로마, 2,000년 전 음향이 살아있는 고대 로마 극장과 디아나 신전"
135,유럽,스페인,Spain,헤레스데라프론테라,Jerez de la Frontera,"주정강화 셰리 와인(Jerez) 보데가 와이너리 본고장, 왕립 안달루시아 승마학교"
136,유럽,독일,Germany,베를린,Berlin,"브란덴부르크 문, 베를린 장벽 이스트사이드갤러리 형제의 키스, 박물관 섬 페르가몬, 돔"
137,유럽,독일,Germany,뮌헨,Munich,"마리엔 광장 신시청사 인형극 글로켄슈필, 세계 최대 맥주 축제 옥토버페스트, BMW 벨트"
138,유럽,독일,Germany,프랑크푸르트,Frankfurt,"마인하탄 마천루 스카이라인, 유럽중앙은행(ECB), 뢰머 광장 목조 건물, 괴테 생가"
139,유럽,독일,Germany,함부르크,Hamburg,"유리 파도 모양 엘프필하모니 콘서트홀, 유네스코 슈파이허슈타트 붉은 창고군, 미니어처 원더랜드"
140,유럽,독일,Germany,쾰른,Cologne,"유네스코 쾰른 대성당 157m 쌍둥이 첨탑 동방박사 유골함, 라인강 철교 사랑의 자물쇠, 쾰쉬 맥주"
141,유럽,독일,Germany,드레스덴,Dresden,"엘베강의 피렌체, 츠빙거 궁전 라파엘로 시스티나 마돈나, 복원된 바로크 프라우엔 성당"
142,유럽,독일,Germany,하이델베르크,Heidelberg,"하이델베르크 성 거대 와인 통, 네카어 강 옛 다리, 칸트와 괴테가 걷던 철학자의 길"
143,유럽,독일,Germany,뉘른베르크,Nuremberg,"카이저부르크 제국 성벽, 독일 최대 크리스마스 마켓, 화가 뒤러 생가, 뉘른베르거 소시지"
144,유럽,독일,Germany,슈투트가르트,Stuttgart,"포르쉐 박물관과 메르세데스-벤츠 박물관 자동차의 요람, 슈투트가르트 도서관 은빛 큐브"
145,유럽,독일,Germany,뒤셀도르프,Dusseldorf,"명품 패션의 거리 쾨니히스알레, 라인강 산책로, 세계 최장 바 거리 알트슈타트 알트비어"
146,유럽,독일,Germany,라이프치히,Leipzig,"바흐가 잠든 성 토마스 교회 소년합창단, 멘델스존 하우스, 1989년 독일 통일 평화혁명 성 니콜라이 교회"
147,유럽,독일,Germany,브레멘,Bremen,"그림형제 동화 브레멘 음악대 당나귀 동상 다리 만지기, 롤란트 석상과 유네스코 르네상스 시청사"
148,유럽,독일,Germany,하노버,Hanover,"바로크 정원의 걸작 헤렌하우젠 왕궁 정원 분수쇼, 4,200m 바닥의 붉은 실선 도보 투어"
149,유럽,독일,Germany,로텐부르크오프데어타우버,Rothenburg ob der Tauber,"동화 마을 플뢴라인 포토스팟, 1년 내내 크리스마스 케테 볼파르트, 전통 과자 슈네발"
150,유럽,독일,Germany,본,Bonn,"음악의 성인 루트비히 판 베토벤 생가, 옛 서독 수도 정부청사 거리, 하리보 젤리 본사"
151,유럽,독일,Germany,포츠담,Potsdam,"프로이센 프리드리히 대왕의 여름 궁전 상수시 궁전 포도밭 테라스, 체칠리엔호프 궁전 포츠담 회담"
152,유럽,독일,Germany,프라이부르크,Freiburg,"수로(베흘레)가 흐르는 세계적인 친환경 생태수도, 검은 숲(슈바르츠발트) 관문, 대성당"
153,유럽,독일,Germany,아우크스부르크,Augsburg,"2,000년 로마 고도, 1516년 세계 최초 사회복지주택단지 푸거라이(연간 임대료 0.88유로)"
154,유럽,독일,Germany,레겐스부르크,Regensburg,"도나우강 중세 석교 슈타이너네 브뤼케, 유네스코 성 베드로 대성당, 870년 된 유서 깊은 소시지집"
155,유럽,독일,Germany,밤베르크,Bamberg,"레그니츠강 다리 위 구 시청사 벽화, 훈제 맥주 슈렝케를라 라우흐비어, 소베네치아 어촌 지구"
156,유럽,독일,Germany,뤼베크,Lubeck,"한자동맹의 수도, 붉은 벽돌 고딕 홀스텐 문, 토마스 만 소설 부덴브로크가의 집, 마르지판 과자"
157,유럽,독일,Germany,바덴바덴,Baden-Baden,"유네스코 유럽 온천 명소, 로마식 온천 프리드리히스바트와 카라칼라 온천, 호화 카지노"
158,유럽,독일,Germany,트리어,Trier,"기원전 16년 건설된 독일 최고(最古) 도시, 로마의 검은 성문 포르타 니그라, 카를 마르크스 생가"
159,유럽,독일,Germany,뷔르츠부르크,Wurzburg,"로맨틱 가도 출발지, 티에폴로 천장 프레스코화 레지덴츠 궁전, 알테 마인교 와인 마시기"
160,유럽,독일,Germany,퓌센,Fussen,"디즈니 신데렐라 성 모티브 루드비히 2세의 백조의 성 노이슈반슈타인 성, 마리엔 다리"
161,유럽,독일,Germany,가르미슈파르텐키르헨,Garmisch-Partenkirchen,"독일 최고봉 추크슈피체(2,962m) 톱니바퀴 열차와 케이블카, 파르트나흐 협곡"
162,유럽,독일,Germany,코블렌츠,Koblenz,"라인강과 모젤강이 합류하는 도이체스 에크(독일의 모퉁이) 카이저 빌헬름 1세 기마상, 에렌브라이트슈타인 요새"
163,유럽,독일,Germany,바이마르,Weimar,"괴테와 실러의 문학 도시, 발터 그로피우스의 바우하우스 디자인 건축 발상지"
164,유럽,독일,Germany,마인츠,Mainz,"금속활자 발명 요하네스 구텐베르크 박물관, 샤갈의 푸른 스테인드글라스 성 슈테판 성당"
165,유럽,독일,Germany,린다우,Lindau,"보덴 호수 위 아름다운 섬 도시, 등대와 거대한 바이에른 사자상이 지키는 항구"
166,유럽,독일,Germany,크베들린부르크,Quedlinburg,"하르츠 산자락 2,000여 채 목조 골조 가옥 유네스코 세계유산, 성 세르바티우스 참사회 성당"
167,유럽,독일,Germany,고슬라르,Goslar,"1,000년 역사 람멜스베르크 광산과 제국 도시 황제 거처 카이저팔츠 궁전"
168,유럽,독일,Germany,슈베린,Schwerin,슈베린 호수 위 섬에 지어진 북독일의 노이슈반슈타인 슈베린 성 653개 방
169,유럽,독일,Germany,마이센,Meissen,300년 전통 유럽 최초 백색 도자기 마이센 국립 도자기 공장 푸른 쌍칼 마크
170,유럽,독일,Germany,비스바덴,Wiesbaden,"도스토옙스키 소설 도박사 모티브 비스바덴 쿠어하우스 카지노, 코흐브루넨 66도 온천수"
171,유럽,스위스,Switzerland,취리히,Zurich,"스위스 최대 금융 도시, 취리히 호수 백조, 반호프슈트라세 명품 거리, 샤갈 스테인드글라스 프라우뮌스터"
172,유럽,스위스,Switzerland,제네바,Geneva,"UN 유럽 본부와 적십자, 레만 호수 140m 제또 대분수, 영국의 공원 꽃시계"
173,유럽,스위스,Switzerland,루체른,Lucerne,"유럽에서 가장 오래된 덮개 목조다리 카펠교, 빈사의 사자상, 필라투스 세계 최고 경사 산악열차"
174,유럽,스위스,Switzerland,베른,Bern,"스위스 연방 수도, 아레강 굽이치는 곰 공원, 유네스코 중세 구시가지 아케이드, 아인슈타인 하우스"
175,유럽,스위스,Switzerland,바젤,Basel,"세계 최고의 아트 바젤 현대미술제, 라인강 방수백 메고 수영하기, 스위스·독일·프랑스 삼국 국경"
176,유럽,스위스,Switzerland,인터라켄,Interlaken,"브리엔츠와 툰 호수 사이, 융프라우요흐(Top of Europe) 등정 관문, 패러글라이딩"
177,유럽,스위스,Switzerland,체르마트,Zermatt,"피라미드 명봉 마터호른(4,478m), 전기차만 다니는 청정 알프스 마을, 고르너그라트 전망대"
178,유럽,스위스,Switzerland,로잔,Lausanne,"국제올림픽위원회(IOC) 본부와 올림픽 박물관, 레만 호반 고딕 로잔 대성당"
179,유럽,스위스,Switzerland,루가노,Lugano,"스위스 속 이탈리아어권 지중해 기후, 야자수 늘어선 루가노 호반 산책로, 산 살바토레"
180,유럽,스위스,Switzerland,생모리츠,St. Moritz,"동계올림픽 2회 개최, 연간 322일 햇살 샴페인 기후 럭셔리 알파인 스키 리조트"
181,유럽,스위스,Switzerland,몽트뢰,Montreux,"호수 위에 뜬 바이런 시의 무대 시옹 성, 몽트뢰 재즈 페스티벌, 퀸 프레디 머큐리 동상"
182,유럽,스위스,Switzerland,그린델발트,Grindelwald,"아이거 북벽 거벽 아래 그림 같은 샬레 목조 마을, 피르스트 플라이어 액티비티"
183,유럽,스위스,Switzerland,라우터브루넨,Lauterbrunnen,"괴테 영감 300m 슈타우프바흐 폭포 등 72개 폭포 계곡, 쉴트호른 007 전망대 관문"
184,유럽,스위스,Switzerland,툰,Thun,"에메랄드빛 툰 호수 관문, 12세기 원뿔형 탑 툰 성과 아레강 서퍼들"
185,유럽,스위스,Switzerland,생갈렌,St. Gallen,"유네스코 로코코 양식 대수도원 도서관(지혜의 약국), 천년 필사본 유물"
186,유럽,오스트리아,Austria,빈,Vienna,"합스부르크 쇤브룬 궁전, 벨베데레 클림트 키스, 성 슈테판 대성당, 빈 국립오페라극장, 자허토르테"
187,유럽,오스트리아,Austria,잘츠부르크,Salzburg,"볼프강 아마데우스 모차르트 생가, 사운드 오브 뮤직 미라벨 정원, 호엔잘츠부르크 성채"
188,유럽,오스트리아,Austria,인스브루크,Innsbruck,"합스부르크 2,657개 도금 동판 황금 지붕, 티롤 알프스 노르트케테 케이블카, 점프대"
189,유럽,오스트리아,Austria,그라츠,Graz,"슐로스베르크 시계탑 파노라마, 무어강 인공섬 무어인젤, 외계인 모양 쿤스트하우스"
190,유럽,오스트리아,Austria,린츠,Linz,"도나우 강변 세계적인 미디어아트 아르스 일렉트로니카 센터, 린처 토르테 케이크"
191,유럽,오스트리아,Austria,할슈타트,Hallstatt,알프스 할슈타트 호수에 비치는 목조 가옥 세계 최고 소금광산 케이블카 스카이워크
192,유럽,오스트리아,Austria,클라겐푸르트,Klagenfurt,"따뜻한 뵈르트 호수 휴양지, 전설의 용 린트부름 분수, 세계 유명 건축 미니어처 미니문두스"
193,유럽,오스트리아,Austria,브레겐츠,Bregenz,보덴 호수 위 거대한 야외 수상 무대 브레겐츠 페스티벌 오페라 공연
194,유럽,오스트리아,Austria,키츠뷔헬,Kitzbuhel,세계에서 가장 위험하고 권위 있는 스트라이프 하넨캄 알파인 활강 스키 대회
195,유럽,오스트리아,Austria,멜크,Melk,"바하우 계곡 도나우강 언덕 위 거대한 황금빛 바로크 멜크 수도원, 대도서관"
196,유럽,오스트리아,Austria,뒤른슈타인,Durnstein,"사자심장왕 리처드 1세가 감금되었던 성터, 푸른 탑 바로크 아우구스티누스 수도원"
197,유럽,오스트리아,Austria,젤암제,Zell am See,"맑은 첼 호수 요트와 3,000m 키츠슈타인호른 만년설 빙하 스키를 동시에 즐기는 리조트"
198,유럽,포르투갈,Portugal,리스본,Lisbon,"벨렝탑, 제로니무스 수도원 마누엘 양식, 28번 노란 트램, 파두 선율, 파스텔 드 나타 에그타르트"
199,유럽,포르투갈,Portugal,포르투,Porto,"도루강 동루이스 1세 2층 철교, 빌라 노바 드 가이아 포트 와이너리, 해리포터 렐루 서점"
200,유럽,포르투갈,Portugal,신트라,Sintra,"노랑과 빨강의 동화 같은 페나 국립왕궁, 신비로운 나선형 지하 우물 킨타 다 헤갈레이라"
201,유럽,포르투갈,Portugal,코임브라,Coimbra,"1290년 설립된 포르투갈 최고(最古) 코임브라 대학, 화려한 금박 조아니나 바로크 도서관"
202,유럽,포르투갈,Portugal,파루,Faro,"알가르브 해안의 관문, 황새가 둥지 트는 아르코 다 빌라 구시가지 문, 리아 포르모사 자연공원"
203,유럽,포르투갈,Portugal,브라가,Braga,"포르투갈의 종교 수도, 577개 지그재그 바로크 계단 봄 제주스 두 몬테 성당 수압식 케이블카"
204,유럽,포르투갈,Portugal,에보라,Evora,"로마 디아나 신전 코린트식 기둥, 5,000명 해골로 벽을 채운 상 프란시스코 교회 뼈 예배당"
205,유럽,포르투갈,Portugal,푼샬,Funchal,"대서양 마데이라 제도 주도, 몬테 언덕 전통 버드나무 바구니 토보건 썰매, 호날두 박물관"
206,유럽,포르투갈,Portugal,카스카이스,Cascais,"포르투갈 왕실 여름 휴양지 백사장, 거대한 파도가 포효하는 절벽 지옥의 입(Boca do Inferno)"
207,유럽,포르투갈,Portugal,아베이루,Aveiro,"포르투갈의 베니스 운하, 화려한 그림의 몰리세이루 전통 배, 줄무늬 가옥 코스타 노바"
208,유럽,포르투갈,Portugal,라고스,Lagos,"알가르브 최고의 절경 폰타 다 피에다데 황금빛 해식 절벽과 동굴 보트 투어, 도나 아나 해변"
209,유럽,포르투갈,Portugal,나자레,Nazare,"해저 협곡으로 인해 생성되는 30m 세계 최대 괴물 파도 빅웨이브 서핑 성지, 오 시티우 절벽"
210,유럽,포르투갈,Portugal,오비두스,Obidos,"왕비에게 선물했던 성벽으로 둘러싸인 하얀 골목길 마을, 초콜릿 잔에 마시는 체리주 진자"
211,유럽,포르투갈,Portugal,기마랑이스,Guimaraes,"포르투갈이 태어난 곳 포르투갈 건국 수도 기마랑이스 성, 브라간사 공작 궁전"
212,유럽,포르투갈,Portugal,토마르,Tomar,"성전기사단의 본거지 그리스도 수도원 유네스코 유산, 마누엘 양식 걸작 챕터하우스 창문"
213,유럽,네덜란드,Netherlands,암스테르담,Amsterdam,"165개 유네스코 운하망 크루즈, 반고흐 미술관 해바라기, 국립미술관 렘브란트 야경, 안네 프랑크의 집"
214,유럽,네덜란드,Netherlands,로테르담,Rotterdam,"건축의 실험실 노란색 기울어진 큐브 하우스, 백조 모양 에라스무스 다리, 마르크탈 초대형 벽화 푸드홀"
215,유럽,네덜란드,Netherlands,헤이그,The Hague,"국제사법재판소 평화궁, 마우리츠하위스 미술관 요하네스 베르메르 진주 귀걸이를 한 소녀"
216,유럽,네덜란드,Netherlands,위트레흐트,Utrecht,"112m 돔 타워, 물가로 바로 내려앉은 독특한 2층 운하 지하실 테라스 카페, 미피 박물관"
217,유럽,네덜란드,Netherlands,마스트리흐트,Maastricht,"유럽연합 탄생 마스트리흐트 조약 체결지, 성 피터 요새 지하 동굴, 도미니카넌 서점"
218,유럽,네덜란드,Netherlands,에인트호번,Eindhoven,"더치 디자인 위크 디자인의 수도, 필립스 발상지, 미래 비행접시 모양 에볼루온"
219,유럽,네덜란드,Netherlands,델프트,Delft,"베르메르의 고향, 400년 전통 로열 델프트 블루 도자기 공방, 신교회 오라녜 왕실 묘역"
220,유럽,네덜란드,Netherlands,하를렘,Haarlem,"튤립 꽃 축제의 중심, 황금시대 초상화 거장 프란스 할스 미술관, 그로테 마르크트"
221,유럽,벨기에,Belgium,브뤼셀,Brussels,"빅토르 위고가 격찬한 황금빛 그랑플라스 광장, 오줌싸개 소년 동상, 와플과 고디바 초콜릿, 아토미움"
222,유럽,벨기에,Belgium,브뤼헤,Bruges,"중세의 숨결 보존 운하 도시, 사랑의 호수 민네와터 백조, 벨포트 종탑 파노라마, 수제 레이스 공예"
223,유럽,벨기에,Belgium,겐트,Ghent,"백작의 요새 그라벤스틴 성, 성 바프 대성당 반 에이크 형제의 어린양의 경배 제단화, 그라스레이 부두"
224,유럽,벨기에,Belgium,안트베르펜,Antwerp,"플란다스의 개 네로가 동경한 루벤스 십자가에서 내려지심 성모 대성당, 세계 최대 다이아몬드 거리"
225,유럽,벨기에,Belgium,뢰번,Leuven,"세계 1위 맥주 기업 AB인베브 스텔라 아르투아 양조장, 레이스 같은 후기 고딕 시청사"
226,유럽,벨기에,Belgium,디낭(벨기에),Dinant,"색소폰 발명가 아돌프 삭스의 고향 색소폰 다리, 뫼즈강 절벽에 솟은 노트르담 협동교회와 성채"
227,유럽,벨기에,Belgium,리에주,Liege,"펄슈거가 씹히는 쫄깃한 리에주 와플의 본고장, 산티아고 칼라트라바 설계 리에주-기유맹 미래형 역"
228,유럽,벨기에,Belgium,이프르,Ypres,"1차대전 최대 격전지 직물회관 플랑드르 필즈 박물관, 매일 밤 전사자 추모 메닌 게이트 나팔 의식"
229,유럽,룩셈부르크,Luxembourg,룩셈부르크,Luxembourg City,"알제트 협곡 위 세워진 천연 요새도시, 절벽 속 17km 보크 포대 미로 터널, 아돌프 다리"
230,유럽,그리스,Greece,아테네,Athens,"고대 민주주의의 상징 아크로폴리스 파르테논 신전, 디오니소스 극장, 플라카 구시가지"
231,유럽,그리스,Greece,산토리니,Santorini (Thira),"화산 칼데라 절벽 순백 가옥과 코발트블루 돔 교회, 이아 마을 세계 3대 일몰, 카마리 블랙 비치"
232,유럽,그리스,Greece,미코노스,Mykonos,"에게해의 바람 카토 밀리 풍차, 파라포르티아니 교회, 바다와 맞닿은 리틀 베니스 카페, 파티 해변"
233,유럽,그리스,Greece,테살로니키,Thessaloniki,"바닷가 화이트 타워, 유네스코 비잔틴 초기 기독교 유적, 활기찬 아리스토텔레스 광장"
234,유럽,그리스,Greece,헤라클리온,Heraklion,"크레타섬 주도, 미노아 문명의 신화 반인반우 미노타우로스 미궁 크노소스 궁전 유적"
235,유럽,그리스,Greece,하니아,Chania,"14세기 베네치아 양식 등대와 옛 항구, 가죽 골목, 크레타 정통 올리브 지중해 식단"
236,유럽,그리스,Greece,로도스,Rhodes,"세계 7대 불가사의 로도스의 거상 터, 성 요한 기사단장 궁전, 자갈길 기사단의 거리"
237,유럽,그리스,Greece,코르푸,Corfu (Kerkyra),"이오니아 제도 에메랄드 섬, 베네치아풍 구 요새, 오스트리아 씨씨 황후의 아킬레온 여름 궁전"
238,유럽,그리스,Greece,델포이,Delphi,"고대인들이 믿었던 세상의 중심 배꼽 옴파로스, 파르나소스 산기슭 아폴론 신탁 성지"
239,유럽,그리스,Greece,메테오라,Meteora (Kalambaka),공중에 떠 있는 수도원 수백 미터 수직 기암괴석 기둥 꼭대기 그리스 정교회 수도원들
240,유럽,그리스,Greece,나프플리오,Nafplio,"근대 그리스 최초의 수도, 부르치 해상 요새, 999개 돌계단 팔라미디 요새 바다 조망"
241,유럽,그리스,Greece,자킨토스,Zakynthos,"드라마 태양의 후예 촬영지 나바지오 난파선 해변 절벽 전망, 푸른 동굴 스노클링"
242,유럽,그리스,Greece,올림피아,Olympia,"기원전 776년 고대 올림픽 경기 발상지 올림피아 경기장 트랙, 헤라 신전 올림픽 성화 채화지"
243,유럽,그리스,Greece,코스,Kos,"의학의 아버지 히포크라테스가 제자들을 가르치던 플라타너스 나무, 고대 아스클레피오스 치유 종합병원 터"
244,유럽,그리스,Greece,파로스,Paros,"밀로의 비너스를 깎아 만든 최고급 백옥 대리석 산지, 나우사 전통 어촌 흰 골목길"
245,유럽,덴마크,Denmark,코펜하겐,Copenhagen,"뉘하운 알록달록 목조 운하 카페, 안데르센 인어공주 동상, 세계에서 가장 오래된 티볼리 놀이공원"
246,유럽,덴마크,Denmark,오르후스,Aarhus,"올라푸르 엘리아손의 ARoS 미술관 무지개 파노라마 산책로, 덴 감레 비 야외 역사 박물관"
247,유럽,덴마크,Denmark,오덴세,Odense,"동화 작가 한스 크리스티안 안데르센의 생가와 박물관, 동화 속 캐릭터 동상 조각들"
248,유럽,노르웨이,Norway,오슬로,Oslo,"에드바르 뭉크의 절규 뭉크 미술관, 인간 희로애락 비겔란 조각공원, 오페라하우스 백색 지붕"
249,유럽,노르웨이,Norway,베르겐,Bergen,"유네스코 브뤼겐 목조 상가, 플뢰위엔 산 푸니쿨라 전망대, 송네피오르 피오르드 투어 관문"
250,유럽,노르웨이,Norway,트롬쇠,Tromso,"북극권 최대 도시 오로라 관측 명소, 스테인드글라스 북극성당, 피엘헤이센 케이블카 백야"
251,유럽,노르웨이,Norway,스타방에르,Stavanger,"뤼세피오르 604m 수직 절벽 프레이케스톨렌(펄핏 락) 하이킹, 하얀 목조 구시가지"
252,유럽,노르웨이,Norway,트론헤임,Trondheim,"노르웨이 국왕 대관식 니다로스 고딕 대성당, 옛 다리 감레 뷔브로와 목조 창고군"
253,유럽,노르웨이,Norway,올레순,Alesund,"1904년 대화재 후 재건된 완벽한 아르누보 건축 도시, 악슬라 전망대 게이랑에르피오르 관문"
254,유럽,노르웨이,Norway,플롬,Flam,"세계에서 가장 아름다운 기차 여행 플롬 산악열차, 유네스코 네뢰위피오르 크루즈"
255,유럽,노르웨이,Norway,로포텐(스볼베르),Lofoten (Svolvaer),"바다에서 솟아오른 뾰족한 화강암 산맥, 전통 어부 오두막 로르부(Rorbu), 대구 건조대"
256,유럽,스웨덴,Sweden,스톡홀름,Stockholm,"14개 섬을 잇는 발트해의 베니스, 감라스탄 중세 골목, 1628년 침몰 바사 전함 박물관, 노벨상 시청사"
257,유럽,스웨덴,Sweden,예테보리,Gothenburg,"스웨덴 제2의 항구도시, 스칸디나비아 최대 리세베리 놀이공원, 볼보 자동차 박물관"
258,유럽,스웨덴,Sweden,말뫼,Malmo,"스페인 건축가 칼라트라바 설계 터닝 토르소 나선형 타워, 덴마크 연결 외레순 대교"
259,유럽,스웨덴,Sweden,웁살라,Uppsala,"스칸디나비아 최대 118m 첨탑 웁살라 대성당, 식물학자 린네의 정원, 1477년 설립 최고 대학"
260,유럽,스웨덴,Sweden,비스뷔,Visby,"발트해 고틀란드 섬의 유네스코 한자동맹 3.4km 중세 성벽 도시, 장미와 폐허 교회의 섬"
261,유럽,스웨덴,Sweden,키루나,Kiruna,"북극권 스웨덴 최북단 세계 최대 철광석 광산 도시, 유카스예르비 매년 다시 짓는 아이스호텔"
262,유럽,핀란드,Finland,헬싱키,Helsinki,"원로원 광장 순백의 헬싱키 대성당, 거대한 천연 바위를 파내어 만든 암석교회, 오디 국립도서관"
263,유럽,핀란드,Finland,탐페레,Tampere,"두 호수 사이 급류 산업도시, 세계 유일의 공식 무민 박물관, 공공 사우나의 수도 라야포르티"
264,유럽,핀란드,Finland,투르쿠,Turku,"핀란드 최고(最古)의 도시 옛 수도, 13세기 투르쿠 성과 아우라 강변 푸드 레스토랑 보트들"
265,유럽,핀란드,Finland,로바니에미,Rovaniemi,"공식 산타클로스 마을 북극권(북위 66도 33분) 선 넘기 인증서, 순록 썰매와 허스키 사파리"
266,유럽,아이슬란드,Iceland,레이캬비크,Reykjavik,"주상절리 파사드 할그림스키르캬 교회, 하르파 콘서트홀 유리 파사드, 블루라군 천연 지열 온천"
267,유럽,아이슬란드,Iceland,아쿠레이리,Akureyri,"아이슬란드 북부의 수도 에이야피외르뒤르 피오르드, 혹등고래 투어, 신들의 폭포 고다포스"
268,유럽,아이슬란드,Iceland,비크,Vik,"레이니스피아라 검은 모래 해변 주상절리 기둥, 바다 위 괴물 바위 레이니스드랑가르"
269,유럽,체코,Czech Republic,프라하,Prague,"카를교 성인 조각상, 기네스북 세계 최대 고대 성 프라하 성, 600년 구시가 천문시계, 필스너 우르켈"
270,유럽,체코,Czech Republic,체스키크룸로프,Cesky Krumlov,"블타바강이 S자로 휘감는 유네스코 동화 마을, 곰이 지키는 체스키크룸로프 성 탑"
271,유럽,체코,Czech Republic,브르노,Brno,"슈필베르크 요새 감옥, 모더니즘 건축 걸작 미스 반 데어 로에의 투겐트하트 별장"
272,유럽,체코,Czech Republic,카를로비바리,Karlovy Vary,"온천수를 전용 컵에 담아 마시는 12개 콜로나다 회랑, 카를로비바리 국제영화제"
273,유럽,체코,Czech Republic,플젠,Plzen,1842년 세계 최초 황금빛 라거 탄생지 필스너 우르켈 양조장 지하 9km 효모 동굴 시음
274,유럽,체코,Czech Republic,쿠트나호라,Kutna Hora,"중세 은광 번영 고도, 4만 구 인간 유골로 장식한 세들레츠 해골 예배당, 성 바르바라 성당"
275,유럽,헝가리,Hungary,부다페스트,Budapest,"도나우강 국회의사당 환상적인 황금 야경, 세체니 네오바로크 온천, 어부의 요새, 루인 펍"
276,유럽,헝가리,Hungary,데브레첸,Debrecen,"헝가리 칼뱅주의의 로마 노란색 대형 개혁교회, 호르토바지 대초원 유네스코 국립공원"
277,유럽,헝가리,Hungary,에게르,Eger,"오스만 투르크를 물리친 에게르 성, 황소의 피(비카베르) 레드와인 계곡 동굴 와인 시음"
278,유럽,헝가리,Hungary,페치,Pecs,"4세기 초기 기독교 지하 묘소 유네스코 유산, 오스만 파샤 카심 모스크 교회, 졸나이 도자기"
279,유럽,폴란드,Poland,바르샤바,Warsaw,"전쟁 폐허에서 벽돌 한 장까지 복원한 유네스코 구시가지, 쇼팽 심장이 묻힌 성십자가 교회"
280,유럽,폴란드,Poland,크라쿠프,Krakow,"중세 유럽 최대 리넥 마켓 광장, 바벨 성 용의 전설, 700년 비엘리치카 지하 소금광산 성당"
281,유럽,폴란드,Poland,그단스크,Gdansk,"발트해 호박의 수도, 한자동맹 넵튠 분수, 바웬사의 자유노조 발상지 조선소 크레인"
282,유럽,폴란드,Poland,브로츠와프,Wroclaw,"오드라강 12개 섬 100개 다리, 도시 골목마다 숨어있는 600여 개 작은 청동 난쟁이 동상 찾기"
283,유럽,폴란드,Poland,포즈난,Poznan,"르네상스 시청사 정오의 두 마리 염소 뿔싸움 인형극, 성 마르틴 크루아상 전통 빵"
284,유럽,폴란드,Poland,자코파네,Zakopane,"타트라 산맥 폴란드의 겨울 수도, 독특한 자코파네 양식 목조 가옥, 모르스키에 오코 호수"
285,유럽,폴란드,Poland,토룬,Torun,"지동설 니콜라우스 코페르니쿠스 생가 박물관, 중세 전통 진저브레드(피에르니키) 굽기"
286,유럽,폴란드,Poland,소포트,Sopot,"발트해 휴양지 유럽 최장 511m 목조 부두, 동화처럼 찌그러진 건물 삐뚤어진 집(Krzywy Domek)"
287,유럽,슬로바키아,Slovakia,브라티슬라바,Bratislava,"뒤집힌 테이블 모양 언덕 위 브라티슬라바 성, 맨홀 뚜껑을 열고 나오는 쿠밀 동상"
288,유럽,크로아티아,Croatia,두브로브니크,Dubrovnik,"아드리아해의 진주 2km 중세 성벽 투어, 스트라둔 대리석 거리, 왕좌의 게임 킹스랜딩"
289,유럽,크로아티아,Croatia,스플리트,Split,서기 305년 로마 황제 디오클레티아누스 궁전 안에 주거지와 식당이 공존하는 생생한 역사
290,유럽,크로아티아,Croatia,자그레브,Zagreb,"타일 모자이크 지붕 성 마르코 성당, 전 세계 실연 물품 실연박물관, 반 옐라치치 광장"
291,유럽,크로아티아,Croatia,자다르,Zadar,"파도가 바위를 치며 신비로운 화음을 내는 바다 오르간, 태양광 집열판 태양의 인사 일몰"
292,유럽,크로아티아,Croatia,로비니,Rovinj,"이스트리아 반도의 보석, 언덕 꼭대기 성 유페미아 성당 첨탑, 파스텔 가옥 골목"
293,유럽,크로아티아,Croatia,풀라,Pula,로마 콜로세움과 비견되는 원형 그대로 보존된 풀라 아레나 로마 원형경기장 콘서트
294,유럽,크로아티아,Croatia,흐바르,Hvar,"연중 300일 맑은 날 라벤더의 섬, 스페인 요새 파코비니 제도 조망, 아드리아해 요트 파티"
295,유럽,슬로베니아,Slovenia,류블랴나,Ljubljana,"날개 달린 청동 용의 다리, 요제 플레치닉의 삼중교, 차 없는 친환경 녹색 수도"
296,유럽,슬로베니아,Slovenia,블레드,Bled,"율리안 알프스의 눈동자 블레드 호수 섬 성모승천 교회 소원의 종, 블레드 크림케이크"
297,유럽,슬로베니아,Slovenia,피란,Piran,베네치아 공화국 풍경이 남아있는 뾰족한 반도 끝 타르티니 광장과 조지 대성당
298,유럽,루마니아,Romania,부쿠레슈티,Bucharest,"펜타곤 다음 세계 2위 거대 건물 의회 궁전(인민궁전), 개선문, 카루 쿠 베레 맥주홀"
299,유럽,루마니아,Romania,브라쇼브,Brasov,"트란실바니아 중심 흑사병 화재 그을린 검은 교회, 드라큘라의 성 브란 성 관문"
300,유럽,루마니아,Romania,시비우,Sibiu,"지붕 다락방 창문이 사람 눈알처럼 쳐다보는 눈 달린 집들, 거짓말쟁이가 건너면 무너진다는 거짓말의 다리"
301,유럽,루마니아,Romania,시절쇼아라,Sighisoara,"실제 드라큘라 모델 블라드 체페슈 가시공 생가, 유네스코 중세 요새 시계탑"
302,유럽,불가리아,Bulgaria,소피아,Sofia,"황금 돔 발칸 최대 성 알렉산드르 넵스키 대성당, 지하철역 속 고대 세르디카 로마 유적"
303,유럽,불가리아,Bulgaria,플로브디프,Plovdiv,"유럽에서 가장 오래 거주된 고도, 기원전 로마 원형극장 야외 오페라, 카파나 예술지구"
304,유럽,세르비아,Serbia,베오그라드,Belgrade,"사바강과 도나우강이 만나는 칼레메그단 요새, 보헤미안 거리 스카다를리야, 성 사바 성당"
305,유럽,보스니아 헤르체고비나,Bosnia and Herzegovina,사라예보,Sarajevo,"오스트리아 페르디난트 대공 암살 1차대전 도화선 라틴 다리, 바슈차르시야 터키 바자르"
306,유럽,보스니아 헤르체고비나,Bosnia and Herzegovina,모스타르,Mostar,"네레트바 에메랄드 강물 위 24m 아치 다리 스타리 모스트, 전통 다이빙 축제"
307,유럽,몬테네그로,Montenegro,코토르,Kotor,"남유럽 유일 피오르드 코토르만 성곽 요새 1,350계단 하이킹, 고양이들의 중세 골목"
308,유럽,몬테네그로,Montenegro,부드바,Budva,"2,500년 역사 아드리아해 리비에라 성벽 휴양지, 모그렌 비치 댄서 동상"
309,유럽,알바니아,Albania,티라나,Tirana,"알록달록 색칠된 공산주의 건물들, 스칸데르베그 기마상 광장, 냉전 벙커 박물관 벙크아트"
310,유럽,북마케도니아,North Macedonia,스코페,Skopje,"도시 전체 수백 개 거대 신고전주의 동상들, 스톤 브리지, 테레사 수녀 기념관"
311,유럽,북마케도니아,North Macedonia,오흐리드,Ohrid,유네스코 세계유산 300만 년 고대 오흐리드 호수 절벽 위 성 요한 카네오 교회
312,유럽,아일랜드,Ireland,더블린,Dublin,"기네스 스토어하우스 중력 바 파노라마, 트리니티 칼리지 켈스의 서 롱룸 도서관, 템플바 펍"
313,유럽,아일랜드,Ireland,코크,Cork,"입맞추면 달변가가 된다는 블라니 스톤이 있는 블라니 성, 잉글리시 마켓 장터"
314,유럽,아일랜드,Ireland,골웨이,Galway,"아일랜드 전통 버스킹 켈트 음악의 심장 라틴 쿼터, 214m 수직 절벽 모허 절벽 관문"
315,유럽,아일랜드,Ireland,킬케니,Kilkenny,"노어 강변 12세기 킬케니 성, 중세 마일, 아일랜드 최고 에일 맥주 스미딕스"
316,유럽,아일랜드,Ireland,킬라니,Killarney,"킬라니 국립공원 머크로스 하우스, 179km 환상적인 링 오브 케리 해안 드라이브 출발지"
317,유럽,에스토니아,Estonia,탈린,Tallinn,"완벽 보존된 톰페아 언덕 중세 성벽 망루, 붉은 기와 조망 코투오차 전망대, 세계적 전자정부 IT 수도"
318,유럽,에스토니아,Estonia,타르투,Tartu,"키스하는 학생들 분수 광장, 1632년 설립 타르투 대학교, 에스토니아 국립박물관"
319,유럽,라트비아,Latvia,리가,Riga,"발트해의 파리, 세계 최대 규모 800여 채 아르누보 장식 건축 거리, 검은머리 전당"
320,유럽,리투아니아,Lithuania,빌뉴스,Vilnius,"동유럽 최대 바로크 구시가지, 게디미나스 탑, 자유와 예술의 만우절 독립국 우주피스 공화국"
321,유럽,리투아니아,Lithuania,카우나스,Kaunas,"네무나스강 카우나스 요새 성, 2차대전 수천 명 유대인을 구한 스기하라 치우네 기념관"
322,유럽,몰타,Malta,발레타,Valletta,"성 요한 기사단이 건설한 난공불락 성채 수도, 성 요한 대성당 카라바조 걸작 세례자 요한의 참수, 어퍼 바라카 가든"
323,유럽,몰타,Malta,임디나,Mdina,"차 소리가 들리지 않는 침묵의 도시, 왕좌의 게임 킹스랜딩 성문 촬영지, 중세 좁은 골목"
324,유럽,키프로스,Cyprus,니코시아,Nicosia,"베네치아 성벽으로 둘러싸인 세계 유일의 분단 수도, 레드라 스트리트 국경 검문소"
325,유럽,키프로스,Cyprus,파포스,Paphos,"미의 여신 아프로디테가 거품 속에서 탄생한 페트라 투 로미우 바위, 디오니소스 모자이크"
326,유럽,모나코,Monaco,모나코,Monaco,"세계 2위 소국, 몬테카를로 카지노, F1 모나코 그랑프리 도심 서킷, 에르퀼 항구 슈퍼요트"
327,유럽,바티칸,Vatican City,바티칸시국,Vatican City,"세계에서 가장 작은 독립국, 성 베드로 대성당, 미켈란젤로 천장화와 최후의 심판 시스티나 성당"
328,유럽,산마리노,San Marino,산마리노,San Marino,"세계에서 가장 오래된 공화국(서기 301년), 티타노 산 절벽 위 구아이타 요새 세 개의 탑"
329,유럽,안도라,Andorra,안도라라베야,Andorra la Vella,"유럽에서 가장 고도가 높은 수도(해발 1,023m), 피레네 설산 면세 쇼핑, 칼데아 유럽 최대 스파"
330,유럽,리히텐슈타인,Liechtenstein,파두츠,Vaduz,"라인강 알프스 계곡 후작이 실제 거주하는 파두츠 성, 전설적인 우표 박물관"
331,아시아,대한민국,South Korea,서울,Seoul,"경복궁 수문장 교대의식, N서울타워 야경, 명동 스트리트 푸드, K-컬처와 첨단 IT의 심장"
332,아시아,대한민국,South Korea,부산,Busan,"해운대 해변, 자갈치 수산시장, 광안대교 다이아몬드 브리지 야경, 부산국제영화제"
333,아시아,대한민국,South Korea,제주시,Jeju City,"한라산 백록담, 용두암, 동문시장 야시장, 유네스코 세계자연유산 제주도의 관문"
334,아시아,대한민국,South Korea,서귀포,Seogwipo,"성산일출봉 장엄한 일출, 섭지코지 유채꽃, 천지연 폭포, 중문관광단지 주상절리"
335,아시아,대한민국,South Korea,인천,Incheon,"세계 최고 인천국제공항, 송도 센트럴파크 수상택시, 개항장 거리, 차이나타운 짜장면"
336,아시아,대한민국,South Korea,경주,Gyeongju,"지붕 없는 신라 천년 노천 박물관, 불국사와 석굴암, 첨성대, 대릉원, 황리단길 카페"
337,아시아,대한민국,South Korea,전주,Jeonju,"700여 채 전주 한옥마을 한복 체험, 유네스코 음식창의도시 전통 전주비빔밥, 경기전"
338,아시아,대한민국,South Korea,대구,Daegu,"갓바위 팔공산 케이블카, 서문시장 야시장 납작만두, 김광석 다시그리기길, 약령시"
339,아시아,대한민국,South Korea,광주,Gwangju,"민주화의 성지 5·18 국립묘지, 국립아시아문화전당(ACC), 광주비엔날레, 무등산 서석대"
340,아시아,대한민국,South Korea,대전,Daejeon,"대한민국 과학기술 수도 대덕연구단지, 엑스포 한빛탑, 유성 천연온천, 성심당 튀김소보로"
341,아시아,대한민국,South Korea,수원,Suwon,"정조의 효심과 실학이 깃든 유네스코 수원화성 성곽길, 방화수류정, 행궁동 공방거리, 왕갈비"
342,아시아,대한민국,South Korea,강릉,Gangneung,"안목해변 바다 전망 커피거리, 신사임당과 율곡 이이의 오죽헌, 경포호 벚꽃, 정동진 해돋이 열차"
343,아시아,대한민국,South Korea,속초,Sokcho,"설악산 국립공원 울산바위와 권금성 케이블카, 아바이마을 갯배와 오징어순대, 대포항"
344,아시아,대한민국,South Korea,춘천,Chuncheon,"남이섬 메타세쿼이아 길, 소양강 스카이워크 유리다리, 춘천 닭갈비와 막국수"
345,아시아,대한민국,South Korea,여수,Yeosu,"동백꽃 피는 오동도, 여수 밤바다 낭만포차, 해상 케이블카 바다 횡단, 향일암 일출"
346,아시아,대한민국,South Korea,순천,Suncheon,"세계 5대 연안습지 순천만 갈대밭, 순천만국가정원, 조선시대 원형 보존 낙안읍성 민속마을"
347,아시아,대한민국,South Korea,통영,Tongyeong,"동양의 나폴리 미륵산 한려수도 케이블카, 동피랑 알록달록 벽화마을, 꿀빵과 충무김밥"
348,아시아,대한민국,South Korea,거제,Geoje,"이국적인 바다 식물원 외도 보타니아, 바람의 언덕 풍차, 몽돌해변 파도 소리"
349,아시아,대한민국,South Korea,안동,Andong,"풍산 류씨 집성촌 안동 하회마을, 부용대 깎아지른 절벽, 도산서원 퇴계 이황, 안동찜닭"
350,아시아,대한민국,South Korea,포항,Pohang,"호미곶 바다 위 상생의 손 새해 일출, 환호공원 스페이스워크 공중 계단, 영일대 해수욕장"
351,아시아,대한민국,South Korea,공주,Gongju,"유네스코 백제역사유적지구 공산성 금강 성곽길, 무령왕릉과 왕릉원 고분군"
352,아시아,대한민국,South Korea,부여,Buyeo,"백제 마지막 수도 부소산성 낙화암, 궁남지 한국 최초 인공 연꽃 연못, 정림사지 5층석탑"
353,아시아,대한민국,South Korea,보령,Boryeong (Daecheon),"세계적인 대천해수욕장 보령 머드 축제, 천연 머드 마사지, 서해안 낙조"
354,아시아,대한민국,South Korea,단양,Danyang,"도담삼봉 남한강 절경, 카페산 패러글라이딩 활공장, 고수동굴 석순, 만천하스카이워크"
355,아시아,대한민국,South Korea,군산,Gunsan,"근대역사문화거리 일본식 가옥 히로쓰 가옥, 초원사진관 영화 8월의 크리스마스, 이성당 빵집"
356,아시아,대한민국,South Korea,목포,Mokpo,"국내 최장 목포 해상케이블카 유달산과 다도해 횡단, 갓바위 천연 해식작용, 홍어 삼합"
357,아시아,대한민국,South Korea,담양,Damyang,"울창한 대나무 숲 죽녹원 죽림욕, 메타세쿼이아 가로수길, 떡갈비와 대통밥"
358,아시아,대한민국,South Korea,남해,Namhae,"독일마을 주황색 지붕과 맥주 축제, 다랭이마을 층층이 계단식 논, 보리암 절벽 암자"
359,아시아,대한민국,South Korea,하동,Hadong,"소설 토지의 무대 평사리 최참판댁, 화개장터 십리벚꽃길, 야생차 시배지 녹차밭"
360,아시아,대한민국,South Korea,구례,Gurye,"지리산 노고단 운해, 천년고찰 화엄사 각황전, 산동마을 봄날 샛노란 산수유꽃 축제"
361,아시아,대한민국,South Korea,평창,Pyeongchang,"2018 동계올림픽 알파인 슬로프, 대관령 양떼목장 초원, 월정사 전나무숲길"
362,아시아,대한민국,South Korea,양양,Yangyang,"대한민국 서핑의 성지 서피비치, 동해 바다를 굽어보는 낙산사 해수관음상"
363,아시아,대한민국,South Korea,고성(강원),Goseong (Gangwon),"금강산이 바라보이는 통일전망대, DMZ 평화의 길, 청정 화진포 호수와 별장"
364,아시아,대한민국,South Korea,원주,Wonju,"간현관광지 소금산 그랜드밸리 출렁다리와 울렁다리, 안도 타다오 설계 뮤지엄 산(SAN)"
365,아시아,대한민국,South Korea,울산,Ulsan,"대왕암공원 기암괴석과 출렁다리, 태화강 국가정원 십리대숲, 반구대 암각화 고래 그림"
366,아시아,일본,Japan,도쿄,Tokyo,"시부야 스크램블 교차로, 신주쿠 네온사인, 아사쿠사 센소지 절, 아키하바라 전자상가"
367,아시아,일본,Japan,교토,Kyoto,"천년 고도 킨카쿠지(금각사), 기요미즈데라 무대 절경, 후시미이나리 천개의 붉은 도리이, 기온 게이샤"
368,아시아,일본,Japan,오사카,Osaka,"도톤보리 글리코상 야경, 오사카성 천수각, 유니버설 스튜디오 재팬, 타코야키와 쿠시카츠 미식"
369,아시아,일본,Japan,요코하마,Yokohama,"미나토미라이 21 관람차 야경, 일본 최대 중화가(차이나타운), 붉은 벽돌 창고 아카렌가"
370,아시아,일본,Japan,나고야,Nagoya,"황금 샤치호코 나고야성, 지브리 파크 테마파크, 히츠마부시(나고야식 장어덮밥)"
371,아시아,일본,Japan,삿포로,Sapporo,"오도리 공원 세계 삿포로 눈축제, 삿포로 맥주 박물관, 스스키노 라멘 골목, 징기스칸 양고기"
372,아시아,일본,Japan,후쿠오카,Fukuoka,"나카스 강변 포장마차 야타이, 정통 하카타 돈코츠 라멘, 캐널시티 하카타 분수쇼"
373,아시아,일본,Japan,나라,Nara,"사슴 1,200마리가 노니는 나라 공원, 세계 최대 목조건물 도다이지(동대사) 대불전"
374,아시아,일본,Japan,고베,Kobe,"세계적인 마블링 명품 고베규 스테이크, 하버랜드 모자이크 야경, 롯코산 백만불 야경"
375,아시아,일본,Japan,히로시마,Hiroshima,"평화기념공원 원폭 돔, 미야지마 이쓰쿠시마 신사 바다 위에 뜬 거대 주홍 도리이"
376,아시아,일본,Japan,나하,Naha (Okinawa),"류큐 왕국의 심장 슈리성 유적, 활기찬 국제거리, 오키나와 소바와 오리온 맥주"
377,아시아,일본,Japan,하코다테,Hakodate,"미슐랭 3스타 하코다테산 야경, 별 모양 성곽 고료카쿠 요새, 아침시장 카이센동"
378,아시아,일본,Japan,오타루,Otaru,"가스등 켜지는 오타루 운하, 오르골당 본관, 르타오 더블프로마주 치즈케이크, 유리 공예"
379,아시아,일본,Japan,가나자와,Kanazawa,"일본 3대 명원 겐로쿠엔 정원, 히가시 차야 전통 찻집 골목, 21세기 미술관 수영장"
380,아시아,일본,Japan,다카야마,Takayama,"작은 교토 산마치 스지 에도 목조 가옥 보존 거리, 최고급 히다규 쇠고기 스시"
381,아시아,일본,Japan,시라카와고,Shirakawa-go,눈을 견디기 위해 만든 급경사 지붕 갓쇼즈쿠리 전통 합장촌 유네스코 세계유산
382,아시아,일본,Japan,나가사키,Nagasaki,"오페라 나비부인 무대 구라바엔 정원, 네덜란드 테마파크 하우스텐보스, 원조 나가사키 짬뽕"
383,아시아,일본,Japan,구마모토,Kumamoto,"위풍당당한 검은 성 구마모토성, 거대 칼데라 아소산 활화산 투어, 마스코트 쿠마몬"
384,아시아,일본,Japan,가고시마,Kagoshima,"도심 앞바다에서 연기를 뿜는 활화산 사쿠라지마, 이부스키 흑모래 천연 온천 찜질"
385,아시아,일본,Japan,센다이,Sendai,"독안룡 다테 마사무네의 숲의 도시, 정통 센다이 규탄(숯불 우설구이), 다나바타 축제"
386,아시아,일본,Japan,닛코,Nikko,"도쿠가와 이에야스를 모신 화려함의 극치 도쇼구 신사, 주젠지 호수와 게곤 폭포"
387,아시아,일본,Japan,가마쿠라,Kamakura,"가마쿠라 고토쿠인 거대 야외 청동 대불, 만화 슬램덩크 배경 가마쿠라고코마에 건널목"
388,아시아,일본,Japan,마쓰야마,Matsuyama,"3,000년 역사 센과 치히로 모티브 도고 온천 본관, 케이블카 타고 오르는 마쓰야마성"
389,아시아,일본,Japan,다카마쓰,Takamatsu,"사누키 우동의 본고장 우동 투어, 400년 역사의 걸작 다이묘 정원 리쓰린 공원"
390,아시아,일본,Japan,미야자키,Miyazaki,"도깨비 빨래판 해식지형 아오시마 신사, 모아이 석상이 서 있는 선멧세 니치난"
391,아시아,일본,Japan,벳푸,Beppu,"원천 수 1위, 붉은 피지옥과 푸른 바다지옥 등 벳푸 8대 온천 지옥 순례, 모래 온천"
392,아시아,일본,Japan,유후인,Yufuin,"물안개 피어오르는 긴린코 호수, 동화풍 유노츠보 거리, 고급 온천 료칸 힐링"
393,아시아,일본,Japan,이부스키,Ibusuki,"해안가 천연 지열로 달궈진 검은 모래에 묻히는 모래찜질 온천, 나가사키바나 곶"
394,아시아,일본,Japan,구라시키,Kurashiki,"구라시키 미관지구 버드나무 늘어진 백벽 창고 운하, 일본 최초 서양미술관 오하라 미술관"
395,아시아,일본,Japan,오노미치,Onomichi,"세토내해 언덕길 사찰 순례와 고양이 골목, 시마나미 해도 자전거 횡단 출발점"
396,아시아,일본,Japan,시모노세키,Shimonoseki,"가라토 어시장 싱싱한 초밥 뷔페, 일본 제일의 복어 요리, 간몬 해저 터널 보행로"
397,아시아,일본,Japan,아오모리,Aomori,"거대 입체 종이 인형 네부타 축제 박물관 와랏세, 청정 아오모리 사과, 핫코다산"
398,아시아,일본,Japan,아키타,Akita,"천연 온천수 뽀얀 우윳빛 뉴토 온천향, 아키타견의 고향, 긴 장대에 등롱 단 간토 축제"
399,아시아,일본,Japan,모리오카,Morioka,"이와테산 뷰, 모리오카 3대 면 요리(왕코소바, 냉면, 자자멘), 뉴욕타임스 추천 도시"
400,아시아,일본,Japan,아사히카와,Asahikawa,"동물 행동 전시의 선구자 아사히야마 동물원 펭귄 산책, 정통 소유 쇼유 라멘"
401,아시아,일본,Japan,후라노,Furano,"팜 토미타 보랏빛 융단 라벤더 밭, 라벤더 소프트아이스크림, 사계절 꽃 언덕"
402,아시아,일본,Japan,비에이,Biei,"신비로운 에메랄드빛 청의 호수(아오이이케), 켄과 메리의 나무, 패치워크 로드 언덕길"
403,아시아,일본,Japan,노보리베쓰,Noboribetsu,"유황 가스 뿜어져 나오는 지옥계곡(지고쿠다니), 곰 목장, 홋카이도 최고 온천가"
404,아시아,일본,Japan,구시로,Kushiro,"일본 최대 습원 구시로 습원 두루미(단정학) 서식지, 세계 3대 석양 누사마이 다리"
405,아시아,일본,Japan,시라하마,Shirahama (Wakayama),"하와이에서 공수해온 순백의 모래사장 시라라하마, 어드벤처 월드 판다, 엔월도 일몰"
406,아시아,일본,Japan,와카야마,Wakayama,"도쿠가와 가문의 와카야마성, 고양이 역장 타마가 지키는 키시역, 구마노 고도 관문"
407,아시아,일본,Japan,히코네,Hikone,"일본 최대 비와 호반의 국보 히코네성 천수각, 마스코트 히코냥, 현궁원 정원"
408,아시아,일본,Japan,이세,Ise,"일본 신토의 총본산 이세 신궁(내궁·외궁), 에도 시대 분위기 오하라이마치 상점가"
409,아시아,일본,Japan,돗토리,Tottori,"동해 바람이 빚어낸 거대한 돗토리 사구 낙타 투어, 세계 유일의 모래 미술관"
410,아시아,일본,Japan,마쓰에,Matsue,"물의 도시 마쓰에성 호리카와 유람선, 신지코 호수 환상적인 노을, 라프카디오 헌 생가"
411,아시아,일본,Japan,이즈모,Izumo,인연을 맺어주는 신들의 고향 이즈모 대사 거대한 금줄 시메나와
412,아시아,일본,Japan,이시가키,Ishigaki,"미슐랭 3스타 카비라만 에메랄드 바다, 일본 최고봉 밤하늘 은하수 관측"
413,아시아,일본,Japan,미야코지마,Miyakojima,"동양 제일의 요나하 마에하마 백사장, 미야코 블루 바다, 3대 연륙교 드라이브"
414,아시아,일본,Japan,가루이자와,Karuizawa,"존 레논이 사랑한 고원 피서지, 숲속 가루이자와 고원교회, 프린스 쇼핑 플라자"
415,아시아,일본,Japan,마쓰모토,Matsumoto,"일본에서 가장 오래된 5층 6계 흑백 국보 마쓰모토성(까마귀성), 쿠사마 야요이 미술관"
416,아시아,일본,Japan,하코네,Hakone,"아시노호수 붉은 수중 도리이와 해적선, 오와쿠다니 화산 유황 달걀, 로프웨이 후지산 뷰"
417,아시아,일본,Japan,아타미,Atami,"도쿄 근교 유서 깊은 온천 휴양지, 바다 위 불꽃놀이 해상 하나비 대회, MOA 미술관"
418,아시아,일본,Japan,시즈오카,Shizuoka,"후지산 전경, 일본 녹차 생산량 1위 니혼다이라 차밭, 만화 마루코는 아홉살 고향"
419,아시아,일본,Japan,니가타,Niigata,"최고급 쌀 고시히카리와 명품 사케의 고향, 폰슈칸 사케 자판기, 시나노강"
420,아시아,일본,Japan,지바,Chiba,"도쿄 디즈니랜드와 디즈니씨 소재지, 노코기리야마 지옥 엿보기 절벽 절경"
421,아시아,중국,China,베이징,Beijing,"자금성(고궁박물원), 만리장성 팔달령·모전욕, 천안문 광장, 이화원 곤명호, 베이징 카오야"
422,아시아,중국,China,상하이,Shanghai,"황포강 와이탄 조계지 야경, 푸둥 동방명주탑, 명나라 전통 정원 예원, 신천지 노천 카페"
423,아시아,중국,China,시안,Xi'an,"진시황 병마용갱 세계 8대 기적, 고대 실크로드 시작점, 고성벽 자전거 투어, 대안탑 음악분수"
424,아시아,중국,China,광저우,Guangzhou,"캔톤 타워 형형색색 야경, 식재광주 얌차 딤섬 문화, 샤몐섬 유럽풍 조계지 건물군"
425,아시아,중국,China,청두,Chengdu,"청두 판다 번식연구기지 아기 판다들, 혀가 얼얼한 정통 사천 마라 훠궈, 금리 옛거리, 변검 공연"
426,아시아,중국,China,충칭,Chongqing,"천과 지히로 모티브 절벽 건물 홍애동 야경, 8D 입체 산악도시, 모노레일 건물 관통, 양쯔강 유람"
427,아시아,중국,China,항저우,Hangzhou,"소동파의 시가 깃든 유네스코 서호 유람선, 알리바바 본사, 최고급 녹차 용정차 밭"
428,아시아,중국,China,쑤저우,Suzhou,"동양의 베니스, 졸정원과 유원 등 명청대 유네스코 사가원림, 산탕지에 야경 운하 나룻배"
429,아시아,중국,China,구이린,Guilin,"한 폭의 수묵화 이강 유람 카르스트 석회암 봉우리, 코끼리 코 모양 상비산, 은자암 동굴"
430,아시아,중국,China,장자제,Zhangjiajie,"영화 아바타 할렐루야 산 모티브 천자산 기암절벽, 천문산 999계단 천문동, 아찔한 유리다리"
431,아시아,중국,China,라싸,Lhasa,"해발 3,650m 티베트 불교의 심장 포탈라궁, 조캉사원 오체투지 순례자들, 바코르 순례길"
432,아시아,중국,China,선전,Shenzhen,"중국 최고의 IT 혁신 하이테크 수도, 핑안 파이낸스 센터, 세계지창 테마파크"
433,아시아,중국,China,난징,Nanjing,"육조 고도, 손문의 묘 중산릉, 진회하 야경 강변 상가, 명 효릉 유네스코 유산"
434,아시아,중국,China,우한,Wuhan,"강남 3대 명루 황학루, 양쯔강 최초의 복층 철도도로 대교 우한장강대교, 동호 벚꽃"
435,아시아,중국,China,샤먼,Xiamen,"자동차 없는 피아노의 섬 구랑위 유린수 정원, 남보타사, 백사장 해변 산책로"
436,아시아,중국,China,쿤밍,Kunming,"사계절 꽃이 피는 봄의 도시 춘성, 유네스코 윈난 석림(Stone Forest) 카르스트 돌숲, 뎬츠호"
437,아시아,중국,China,리장,Lijiang,"나시족 전통 목조 수로 마을 리장고성 야경, 만년설 옥룡설산 케이블카, 인상리장 공연"
438,아시아,중국,China,다리,Dali,"백족의 고도 다리고성, 만년설 창산과 푸른 얼하이 호수 자전거길, 다리 숭성사 삼탑"
439,아시아,중국,China,하얼빈,Harbin,"세계 4대 겨울 축제 하얼빈 국제 빙설제 얼음 궁전, 비잔틴 양식 성 소피아 성당, 안중근 의사 기념관"
440,아시아,중국,China,칭다오,Qingdao,"독일 조계지 맥주 문화 칭다오 맥주 박물관, 잔교 부두 팔각정, 붉은 기와 푸른 바다 신호산 전망"
441,아시아,중국,China,다롄,Dalian,"아시아 최대 광장 싱하이 광장 바다 분수, 러시아 거리 고풍스러운 건축, 해안 목조 데크길"
442,아시아,중국,China,둔황,Dunhuang,"세계 불교 미술의 보고 막고굴(천불동), 사막 바람이 우는 명사산, 사막 속 초승달 오아시스 월아천"
443,아시아,중국,China,뤄양,Luoyang,"10만 개 불상이 조각된 용문석굴 유네스코 유산, 중국 최초의 불교 사찰 백마사, 모란 축제"
444,아시아,중국,China,톈진,Tianjin,"다리 위에 세워진 거대 대관람차 톈진 아이, 하이허 강변 이탈리아 풍경구 조계지 건축"
445,아시아,중국,China,싼야,Sanya,"동양의 하와이 하이난섬 최남단 아룡만 백사장, 108m 남산해상관음보살상, 면세점 쇼핑"
446,아시아,중국,China,양숴,Yangshuo,"위룽강 대나무 뗏목 유람, 서양 배낭여행자들의 서가(시제) 바 거리, 장예모의 인상유삼저 야외 수상극"
447,아시아,중국,China,황산,Huangshan (Tangkou),"천하제일 명산 황산 운해, 기송, 괴석, 비래석, 일출 비경, 서해대협곡 모노레일"
448,아시아,중국,China,샹그릴라,Shangri-La,"잃어버린 지평선 유토피아, 작은 포탈라궁 송찬림사, 푸다춰 국립공원 고산 초원 호수"
449,아시아,중국,China,핑야오,Pingyao,"명청 시대 완벽 보존 성곽 도시, 중국 최초의 은행 일승창 표국, 홍등 켜지는 고옥 숙소"
450,아시아,중국,China,다퉁,Datong,"북위 시대 거대 석불 운강석굴, 절벽에 아슬아슬 매달린 공중사원 현공사"
451,아시아,중국,China,취푸,Qufu,"유교의 창시자 공자의 고향, 유네스코 삼공 유적(공묘, 공부, 공림)"
452,아시아,중국,China,우전,Wuzhen,"1,300년 역사의 강남 수향마을, 서책 야경 나룻배 투어, 세계인터넷대회 영구 개최지"
453,아시아,중국,China,주자이거우(구채구),Jiuzhaigou (Songpan),"동화의 세계 오채지 영롱한 에메랄드빛 계단식 호수, 노일랑 폭포, 티베트 장족 마을"
454,아시아,중국,China,정저우,Zhengzhou,"숭산 소림사 무술 본산지, 황허강 유람 풍경구, 중원의 교통 허브"
455,아시아,중국,China,창사,Changsha,"마왕퇴 한나라 무덤 발굴 호남성 박물관, 귤자주 마오쩌둥 거대 청년 석상, 매운 호남 요리"
456,아시아,중국,China,선양,Shenyang,"후금의 황궁 심양 고궁 유네스코 유산, 장학량 고거, 서탑 코리아타운"
457,아시아,중국,China,지난,Jinan,"샘물의 도시, 표돌천 솟구치는 샘물, 대명호 호수 정원, 천불산"
458,아시아,중국,China,닝보,Ningbo,"중국 최고(最古)의 도서관 천일각, 둥첸호 호반 리조트, 해상 실크로드 무역항"
459,아시아,중국,China,포산,Foshan,"이소룡과 황비홍의 무술 고향, 영남 전통 건축 조묘, 사자춤 쿵푸 문화"
460,아시아,중국,China,푸저우,Fuzhou,"명청 시대 골목길 삼방칠항 고택 지구, 반얀트리의 도시, 민강 야경"
461,아시아,중국,China,구이양,Guiyang,"황과수 대폭포 관문, 카르스트 계곡 위 갑수루 누각, 빅데이터 산업 허브"
462,아시아,중국,China,난닝,Nanning,"녹색의 도시 칭슈산 공원, 아세안 박람회 개최지, 베트남 국경 접경 관문"
463,아시아,중국,China,우루무치,Urumqi,"신장 위구르 자치구 수도, 천산 천지 설산 거울 호수, 신장 국제 대바자르"
464,아시아,중국,China,카슈가르,Kashgar,"살아있는 실크로드 고도 카슈가르 구시가지 황토 흙집 골목, 아이드가르 모스크, 일요 가축 시장"
465,아시아,중국,China,시가체,Shigatse,"판첸 라마의 본산 타쉬룬포 사원 세계 최대 미륵불 좌상, 에베레스트 북벽 베이스캠프 관문"
466,아시아,홍콩,Hong Kong,홍콩,Hong Kong,"빅토리아 피크 트램 백만불 야경, 스타페리 빅토리아 하버 횡단, 침사추이 프롬나드, 딤섬"
467,아시아,마카오,Macau,마카오,Macau,"성 바울 성당 유적 석조 파사드, 세나도 광장 물결무늬 타일, 코타이 스트립 메가 카지노, 에그타르트"
468,아시아,대만,Taiwan,타이베이,Taipei,"타이베이 101 전망대, 국립고궁박물원 취옥백채, 스린 야시장 지파이, 시먼딩 딩타이펑 샤오롱바오"
469,아시아,대만,Taiwan,가오슝,Kaohsiung,"보얼예술특구 옛 부두 창고 예술단지, 롄츠탄 용호탑 입출구 액땜, 치진섬 해산물 자전거길"
470,아시아,대만,Taiwan,타이중,Taichung,"고미습지 풍차와 갯벌 일몰, 궁원안과 아이스크림, 레인보우 빌리지 벽화 마을"
471,아시아,대만,Taiwan,타이난,Tainan,"대만에서 가장 오래된 고도, 적감루(츠칸러우), 안평고보, 화위안 야시장 미식"
472,아시아,대만,Taiwan,화롄,Hualien,"대리석 절벽 타이루거 협곡 국립공원 연자구 흔들다리, 칠성담 조약돌 해변"
473,아시아,대만,Taiwan,지우펀,Jiufen,"수치루 붉은 홍등 가파른 계단 골목, 아메이차루 찻집, 센과 치히로 모티브"
474,아시아,대만,Taiwan,타오위안,Taoyuan,"대만 관문 국제공항, 다시 옛거리 바로크 목조 건축, 츠후 장제스 동상 공원"
475,아시아,대만,Taiwan,신주,Hsinchu,"대만의 실리콘밸리 TSMC 반도체 사이언스 파크, 100년 된 신주 성황묘 야시장"
476,아시아,대만,Taiwan,지룽,Keelung,"미아오커우 야시장 해산물 먹거리, 정빈 포구 컬러풀 하우스, 평화도 지질공원"
477,아시아,대만,Taiwan,자이,Chiayi,"아리산 삼림 삼림철도 일출과 운해, 히노키 빌리지 일본식 목조 가옥 마을"
478,아시아,대만,Taiwan,이란,Yilan,"자오시 온천 마을 족욕 카페, 카발란 위스키 증류소 시음 투어, 거북이 모양 귀산도"
479,아시아,대만,Taiwan,타이둥,Taitung,"태평양 삼센타이(삼선대) 8개 아치 다리, 즈번 온천, 츠샹 벼이삭 버진로드(버보 로드)"
480,아시아,대만,Taiwan,르웨탄(난터우),Sun Moon Lake (Nantou),"해와 달을 닮은 에메랄드빛 일월담 호수 케이블카, 자전거 도로 세계 10대 코스"
481,아시아,대만,Taiwan,컨딩,Kenting (Pingtung),"대만 최남단 어롼비 등대, 컨딩 국립공원 산호초 해변, 밤마다 열리는 컨딩 야시장"
482,아시아,대만,Taiwan,진먼,Kinmen,"냉전의 최전선 지하 갱도 자이 군사 터널, 진먼 고량주 본산지, 제비꼬리 전통 민가"
483,아시아,대만,Taiwan,펑후,Penghu,"하트 모양 돌쌍살 칠미 쌍심석호, 주상절리 현무암 기둥, 여름철 국제 불꽃축제"
484,아시아,대만,Taiwan,마쭈,Matsu,"바다를 푸르게 수놓는 신비로운 바다의 은하수 푸른 눈물(블루 티어스), 친벽 화강암 마을"
485,아시아,대만,Taiwan,단수이,Tamsui,"영화 말할 수 없는 비밀 진리대학, 홍마오청, 단수이 어인부두 연인의 다리 일몰"
486,아시아,태국,Thailand,방콕,Bangkok,"왓 프라깨우 왕궁 에메랄드 사원, 차오프라야강 왓 아룬 새벽사원, 카오산 로드, 짜뚜짝 주말시장"
487,아시아,태국,Thailand,치앙마이,Chiang Mai,"디지털 노마드의 성지, 도이수텝 황금 사탑, 올드시티 성곽 해자, 코끼리 자연공원"
488,아시아,태국,Thailand,푸껫,Phuket,"안다만해 최대 섬 빠통 비치 방라 로드, 피피섬 마야베이 호핑 투어, 프롬텝 곶 일몰"
489,아시아,태국,Thailand,파타야,Pattaya,"바다 위 거대한 목조 사원 진리의 성전, 산호섬(꼬란) 해양스포츠, 워킹 스트리트"
490,아시아,태국,Thailand,끄라비,Krabi,"석회암 카르스트 수직 절벽 라일레이 비치 록클라이밍, 홍섬 투어, 에메랄드 풀 천연 온천"
491,아시아,태국,Thailand,코사무이,Koh Samui,"차웽 비치 야자수 럭셔리 풀빌라, 빅부다 사원, 인근 코팡안 보름달 풀문 파티"
492,아시아,태국,Thailand,아유타야,Ayutthaya,"보리수나무 뿌리에 감싸인 불상 머리 왓 마하탓, 거대 와불상 왓 로카야수타, 고대 왕국 유적"
493,아시아,태국,Thailand,치앙라이,Chiang Rai,"새하얀 예술 사원 화이트 템플(왓 롱 쿤), 푸른 블루 템플, 황금의 삼각지대 골든 트라이앵글"
494,아시아,태국,Thailand,후아힌,Hua Hin,"태국 왕실의 전통 여름 휴양지 클라이 캉원 궁전, 역사적인 빨간 목조 후아힌 기차역"
495,아시아,태국,Thailand,빠이,Pai,"762개 커브길 돌아 만나는 배낭여행자들의 평화로운 시골 마을, 빠이 캐니언 일몰"
496,아시아,태국,Thailand,수코타이,Sukhothai,"태국 문자의 요람 수코타이 역사공원 불상 연못, 자전거로 둘러보는 유네스코 유적"
497,아시아,태국,Thailand,코타오,Koh Tao,"세계 최고의 스쿠버다이빙 자격증 천국 거북이 섬, 낭유안 섬 삼각 모래톱"
498,아시아,태국,Thailand,코팡안,Koh Phangan,"핫린 비치 세계 3대 파티 풀문 파티(Full Moon Party), 평화로운 북부 요가 리트릿"
499,아시아,태국,Thailand,깐차나부리,Kanchanaburi,"영화 콰이강의 다리, 제2차 세계대전 죽음의 철도 절벽 구간 기차 여행, 에라완 7단 폭포"
500,아시아,태국,Thailand,꼬리뻬,Koh Lipe,"태국의 몰디브 안다만해 최남단 에메랄드빛 투명 바다, 파타야 비치와 선라이즈 비치"
501,아시아,베트남,Vietnam,하노이,Hanoi,"호안끼엠 호수 거북탑, 36통 구시가지 골목 투어, 하노이 기찻길 마을, 전통 에그 커피와 분짜"
502,아시아,베트남,Vietnam,호치민,Ho Chi Minh City,"프랑스 식민지 노트르담 대성당, 중앙우체국, 벤탄 시장, 활기찬 청년 경제 중심지"
503,아시아,베트남,Vietnam,다낭,Da Nang,"미케 비치 20km 백사장, 바나힐 신의 손 골든 브리지, 주말 밤 불 뿜는 용다리"
504,아시아,베트남,Vietnam,호이안,Hoi An,"유네스코 고도 오색 비단 등불 거리, 투본강 소원배 띄우기, 일본인 다리(내원교)"
505,아시아,베트남,Vietnam,나트랑,Nha Trang,"동양의 나폴리 해변 산책로, 천년 참파 왕국 포나가르 사원, 빈원더스 해상 케이블카"
506,아시아,베트남,Vietnam,푸꾸옥,Phu Quoc,"베트남 남단 청정 휴양 섬, 사오 비치 에메랄드 라군, 세계 최장 혼톰섬 해상 케이블카"
507,아시아,베트남,Vietnam,후에,Hue,"응우옌 왕조의 황궁 자금성 유네스코 유산, 향강 용보트 투어, 화려한 카이딘 황제릉"
508,아시아,베트남,Vietnam,사파,Sapa,"인도차이나 최고봉 판시판 산(3,143m) 케이블카, 무엉호아 계곡 다랑이논 트레킹, 몽족 마을"
509,아시아,베트남,Vietnam,하롱시,Ha Long City,"3,000개 기암괴석 섬 하롱베이 유네스코 크루즈, 승솟 종유석 동굴, 티톱섬 전망대"
510,아시아,베트남,Vietnam,달랏,Da Lat,"해발 1,500m 영원한 봄의 고원 도시, 쑤언흐엉 호수, 기괴한 크레이지 하우스, 다딴라 폭포 루지"
511,아시아,베트남,Vietnam,닌빈,Ninh Binh,"육지의 하롱베이 짱안 유네스코 동굴 나룻배 투어, 땀꼭, 항무아 500계단 용 능선 전망대"
512,아시아,베트남,Vietnam,하이퐁,Hai Phong,"붉은 불꽃나무의 항구도시, 깟바 국립공원 란하베이 카약 투어의 관문"
513,아시아,베트남,Vietnam,무이네,Mui Ne (Phan Thiet),"바다 옆 붉은 모래사구 레드 샌듄, 화이트 샌듄 지프 일출 투어, 요정의 샘 협곡"
514,아시아,베트남,Vietnam,껀터,Can Tho,"메콩강 델타의 심장, 새벽 물 위에서 과일을 사고파는 까이랑 수상시장"
515,아시아,베트남,Vietnam,퐁냐(동호이),Dong Hoi (Phong Nha),"세계 최대 천연 동굴 항손둥 관문, 퐁냐케방 국립공원 파라다이스 케이브 거대 동굴"
516,아시아,싱가포르,Singapore,싱가포르,Singapore,"마리나베이 샌즈 인피니티 풀, 가든스 바이 더 베이 슈퍼트리 쇼, 창이공항 주얼 폭포, 칠리크랩"
517,아시아,말레이시아,Malaysia,쿠알라룸푸르,Kuala Lumpur,"페트로나스 트윈타워 야경, 무지개 계단 힌두교 성지 바투 동굴, 잘란 알로 야시장"
518,아시아,말레이시아,Malaysia,조지타운(페낭),George Town (Penang),"벽화 거리 스트리트 아트, 페라나칸 문화 맨션, 아시아 최고 길거리 음식 차콰이테오"
519,아시아,말레이시아,Malaysia,말라카,Malacca,"네덜란드 광장 붉은 크라이스트 처치, 존커 스트리트 야시장, 말라카 해협 해상 역사"
520,아시아,말레이시아,Malaysia,랑카위,Langkawi,"안다만해 99개 섬 지질공원, 랑카위 스카이캡 케이블카와 아찔한 곡선 흔들다리"
521,아시아,말레이시아,Malaysia,코타키나발루,Kota Kinabalu,"세계 3대 선셋 탄중아루 해변, 동남아 최고봉 키나발루산(4,095m), 맹그로브 반딧불 투어"
522,아시아,말레이시아,Malaysia,쿠칭,Kuching,"고양이의 도시, 보르네오 섬 사라왁 강변 산책로, 세멩고 야생 오랑우탄 재활센터"
523,아시아,말레이시아,Malaysia,이포,Ipoh,"구운 원두 거품 화이트 커피 본고장, 석회암 암벽 동굴 사원 삼포통, 콩나물 치킨 미식"
524,아시아,말레이시아,Malaysia,조호르바루,Johor Bahru,"레고랜드 말레이시아 테마파크, 술탄 아부 바카르 모스크, 싱가포르 육로 관문"
525,아시아,말레이시아,Malaysia,카메론하이랜즈,Cameron Highlands,"해발 1,500m 끝없이 펼쳐진 보(BOH) 홍차 다원, 딸기 농장, 이끼 숲(Mossy Forest)"
526,아시아,말레이시아,Malaysia,페르헨티안제도,Perhentian Islands,"수정처럼 맑은 바다표범과 바다거북 스노클링, 에메랄드빛 해변 배낭여행 천국"
527,아시아,인도네시아,Indonesia,자카르타,Jakarta,"모나스 독립기념탑, 이스티크랄 모스크, 네덜란드 식민지 코타 투아 파타힐라 광장"
528,아시아,인도네시아,Indonesia,덴파사르(발리),Denpasar (Bali),"신들의 섬 발리의 관문, 바주라 산디 기념탑, 꾸따 비치 서핑"
529,아시아,인도네시아,Indonesia,우붓(발리),Ubud (Bali),"발리 예술과 요가의 심장, 몽키 포레스트, 뜨갈랄랑 계단식 논 테라스 스윙"
530,아시아,인도네시아,Indonesia,족자카르타,Yogyakarta,"세계 최대 불교 사원 보로부두르 일출, 힌두 사원 프람바난, 물의 궁전 타만 사리"
531,아시아,인도네시아,Indonesia,반둥,Bandung,"자바의 파리 아르데코 건축, 탕쿠반 프라후 활화산 분화구 트레킹, 찌아터 온천"
532,아시아,인도네시아,Indonesia,수라바야,Surabaya,"영웅의 도시 인도네시아 제2도시, 브로모 활화산 은하수 일출 투어 관문"
533,아시아,인도네시아,Indonesia,롬복,Lombok,"린자니 화산(3,726m) 트레킹, 꾸따 롬복 서핑 해변, 사삭 전통 민속 마을"
534,아시아,인도네시아,Indonesia,라부안바조,Labuan Bajo (Komodo),"지구상 마지막 공룡 코모도왕도마뱀 국립공원, 파다르섬 3색 해변, 핑크 비치"
535,아시아,인도네시아,Indonesia,메단,Medan,"세계 최대 칼데라 화산호수 토바 호수 사모시르섬 관문, 마이문 술탄 궁전"
536,아시아,인도네시아,Indonesia,말랑,Malang,"네덜란드 식민지 고원 휴양지, 조디판 무지개 테마 마을, 브로모 산 남쪽 기지"
537,아시아,인도네시아,Indonesia,길리트라왕안,Gili Trawangan,"엔진 소리 없는 자전거와 마차의 섬, 바다거북 스노클링, 석양 그네 포토존"
538,아시아,인도네시아,Indonesia,마나도,Manado,세계 최고의 수중 수직 절벽 다이빙 성지 부나켄 국립해양공원
539,아시아,필리핀,Philippines,마닐라,Manila,"스페인 성벽 도시 인트람로스 마차 투어, 산 아구스틴 성당, 마닐라만 황금빛 일몰"
540,아시아,필리핀,Philippines,세부,Cebu City,"마젤란의 십자가, 막탄섬 리조트, 오슬롭 거대 고래상어 스노클링, 가와산 캐녀닝"
541,아시아,필리핀,Philippines,보라카이,Boracay,"밀가루처럼 고운 4km 화이트 비치, 세일링 보트 선셋 크루즈, 윌리스 락"
542,아시아,필리핀,Philippines,엘니도,El Nido (Palawan),"팔라완 석회암 비경, 빅라군과 시크릿 라군 카약 아일랜드 호핑 투어"
543,아시아,필리핀,Philippines,코론,Coron (Palawan),"필리핀에서 가장 깨끗한 카양안 호수, 2차대전 침몰 난파선 스쿠버다이빙"
544,아시아,필리핀,Philippines,보홀(팡라오),Panglao (Bohol),"키세스 초콜릿 닮은 1,268개 초콜릿 힐, 세계에서 가장 작은 안경원숭이 타르시어"
545,아시아,필리핀,Philippines,다바오,Davao,"필리핀 최고봉 아포산(2,954m), 필리핀 독수리 센터, 과일의 제왕 두리안 수도"
546,아시아,필리핀,Philippines,바기오,Baguio,"소나무 향기 나는 필리핀 여름 수도, 번햄 파크 호수 보트, 캠프 존 헤이"
547,아시아,캄보디아,Cambodia,시엠립,Siem Reap,"세계 최대 종교 건축 앙코르와트 일출, 미소 짓는 사면체 관음보살 바이욘, 툼레이더 타프롬"
548,아시아,캄보디아,Cambodia,프놈펜,Phnom Penh,"메콩 강변 크메르 양식 왕궁 은탑(실버 파고다), 킬링필드 츠엉엑 추모탑"
549,아시아,라오스,Laos,루앙프라방,Luang Prabang,"새벽 주황색 승려들의 탁발(탁밧) 행렬, 유네스코 도시, 에메랄드빛 꽝시 폭포 수영"
550,아시아,미얀마,Myanmar,바간,Bagan,"광활한 평원에 솟은 2,000여 개 고대 불교 탑군 위로 떠오르는 열기구 일출 비경"
551,아시아,인도,India,뉴델리,New Delhi,"인디아 게이트 추모비, 무굴 제국 붉은 요새(레드포트), 쿠툽 미나르 탑, 후마윤 묘"
552,아시아,인도,India,뭄바이,Mumbai,"아라비아해 인도 관문(Gateway of India), 볼리우드 영화 메카, 차트라파티 시바지 기차역"
553,아시아,인도,India,아그라,Agra,"인도 이슬람 예술의 정수 순백 대리석 타지마할, 붉은 사암 아그라 요새, 파테푸르 시크리"
554,아시아,인도,India,자이푸르,Jaipur,"라자스탄 핑크 시티, 953개 격자 창문 바람의 궁전 하와마할, 언덕 위 암베르 요새 코끼리"
555,아시아,인도,India,바라나시,Varanasi,"힌두교 최대 성지 갠지스강 다샤스와메드 가트 야간 아르티 푸자 불의식, 보트 일출"
556,아시아,인도,India,우다이푸르,Udaipur,"호수의 도시, 피촐라 호수 한가운데 떠 있는 하얀 타지 레이크 팰리스, 시티 팰리스"
557,아시아,인도,India,조드푸르,Jodhpur,"푸른 집들이 장관인 블루 시티, 아찔한 절벽 위 메헤랑가르 요새, 집라인 투어"
558,아시아,인도,India,자이살메르,Jaisalmer,"황금빛 사암 골든 시티 성채, 타르 사막 낙타 사파리와 사막 캠프 은하수"
559,아시아,인도,India,콜카타,Kolkata,"대영제국 빅토리아 기념관, 후글리강 하우라 다리, 마더 테레사 사랑의 선교회 본원"
560,아시아,인도,India,벵갈루루,Bengaluru,"인도의 실리콘밸리 테크 허브, 인도의 정원 도시 랄바 식물원 유리 온실"
561,아시아,인도,India,첸나이,Chennai,"타밀 문화의 중심, 화려한 조각 카팔레슈와라르 힌두 사원, 세계 2위 길이 마리나 비치"
562,아시아,인도,India,코치,Kochi (Cochin),"케랄라 백워터 수로 하우스보트, 석양의 중국식 거대 어망, 포르투갈 성 프란시스 교회"
563,아시아,인도,India,고아,Goa (Panaji),"포르투갈 가톨릭 유적 봄 제주스 대성당, 아람볼 해변 일몰 드럼 서클, 해변 벼룩시장"
564,아시아,인도,India,암리차르,Amritsar,"시크교 총본산 하르만디르 사히브 황금사원 무료 급식 랑가르, 와가 인도-파키스탄 국경 하강식"
565,아시아,인도,India,리시케시,Rishikesh,"세계 요가의 수도, 비틀즈가 명상했던 아쉬람, 갠지스강 락슈만 줄라 흔들다리"
566,아시아,인도,India,다람살라,Dharamshala (McLeod Ganj),"달라이 라마 망명 정부가 있는 작은 라싸, 히말라야 설산 배경 티베트 사원들"
567,아시아,인도,India,레(라다크),Leh (Ladakh),"달의 대지 고원 판공초 호수 에메랄드빛, 틱세 곰파 사원, 카르둥라 5,359m 도로"
568,아시아,인도,India,심라,Shimla,"영국령 인도 제국의 여름 수도, 장난감 산악열차 토이 트레인 유네스코 유산"
569,아시아,인도,India,하이데라바드,Hyderabad,"4개 미나렛 차르미나르, 세계적인 다이아몬드 거래지 골콘다 요새, 전통 하이데라바드 비리야니"
570,아시아,인도,India,함피,Hampi,"비자야나가르 제국의 신비로운 거대 화강암 바위 유적군, 비루팍샤 사원 돌전차"
571,아시아,네팔,Nepal,카트만두,Kathmandu,"더르바르 광장 살아있는 여신 쿠마리 사원, 원숭이 사원 스와얌부나트, 보우다나트 거대 불탑"
572,아시아,네팔,Nepal,포카라,Pokhara,"페와 호수 보트와 마차푸차레(물고기 꼬리봉) 반영, 안나푸르나 베이스캠프(ABC) 트레킹 출발점"
573,아시아,네팔,Nepal,룸비니,Lumbini,"불교의 창시자 석가모니 고타마 붓다 탄생지 마야데비 사원, 아소카 석주"
574,아시아,네팔,Nepal,박타푸르,Bhaktapur,"도자기 광장, 55개 창문 왕궁, 네팔에서 가장 높은 5층 탑 니야타폴라 사원"
575,아시아,네팔,Nepal,파탄(랄릿푸르),Patan (Lalitpur),"예술의 도시 파탄 더르바르 광장, 크리슈나 만디르 석조 사원, 금 사원"
576,아시아,스리랑카,Sri Lanka,콜롬보,Colombo,"인도양 갈레 페이스 그린 산책로, 강가라마야 수상 불교 사원, 식민지 무역항"
577,아시아,스리랑카,Sri Lanka,캔디,Kandy,"부처님의 치아 사리를 모신 스리 달라다 말리가와(불치사), 캔디 호수 전통 무용"
578,아시아,스리랑카,Sri Lanka,갈레,Galle,인도양을 마주보는 네덜란드 성채 요새(갈레 포트) 등대 유네스코 유산
579,아시아,스리랑카,Sri Lanka,시기리야,Sigiriya,"밀림 속 200m 붉은 화강암 바위 위 지어진 사자 바위 고대 왕궁, 미인 벽화"
580,아시아,스리랑카,Sri Lanka,엘라,Ella,"녹차 밭을 가로지르는 나인 아치 브리지 열차 풍경, 리틀 아담스 피크 일출 하이킹"
581,아시아,스리랑카,Sri Lanka,누와라엘리야,Nuwara Eliya,"영국풍 리틀 잉글랜드 고원 지대, 끝없는 실론 홍차 밭과 맥우즈 차 공장"
582,아시아,몰디브,Maldives,말레,Male,"인도양 천국의 휴양지 환초 섬들의 수도, 산호석 옛 금요 모스크, 수산시장"
583,아시아,부탄,Bhutan,팀부,Thimphu,"국민총행복(GNH)의 왕국 수도, 신호등이 없는 도시, 거대한 불상 도르덴마, 타시초 종"
584,아시아,파키스탄,Pakistan,라호르,Lahore,"무굴 제국의 심장 라호르 요새와 바드샤히 모스크, 샬리마르 정원, 파키스탄 문화 수도"
585,아시아,방글라데시,Bangladesh,콕스바자르,Cox's Bazar,"세계에서 가장 긴 120km 연속 자연 모래 해변, 벵골만 어선 일몰"
586,아시아,아랍에미리트,United Arab Emirates,두바이,Dubai,"세계 최고 828m 부르즈 할리파, 인공섬 팜 주메이라, 두바이 몰 분수쇼, 붉은 사막 사파리"
587,아시아,아랍에미리트,United Arab Emirates,아부다비,Abu Dhabi,"순백의 셰이크 자이드 그랜드 모스크, 바다 위 돔 루브르 아부다비, 에미레이츠 팰리스"
588,아시아,카타르,Qatar,도하,Doha,"전통 아랍 수크 와키프 향신료 시장, I.M. 페이 설계 이슬람 예술 박물관, 더 펄 카타르 인공섬"
589,아시아,사우디아라비아,Saudi Arabia,리야드,Riyadh,"오프너 모양 킹덤 센터 스카이브리지, 사우디 건국 발상지 알 마스막 진흙 요새, 디리야 유적"
590,아시아,사우디아라비아,Saudi Arabia,제다,Jeddah,"홍해의 관문 알 발라드 산호석 역사 지구, 세계 최고 312m 킹 파드 분수"
591,아시아,사우디아라비아,Saudi Arabia,메카,Mecca,"전 세계 무슬림의 최고 성지, 카바 신전이 있는 알 하람 모스크, 아브라즈 알 바이트 시계탑"
592,아시아,사우디아라비아,Saudi Arabia,메디나,Medina,"예언자 무함마드의 안식처 예언자의 모스크(알 마스지드 안 나바위), 녹색 돔"
593,아시아,사우디아라비아,Saudi Arabia,알울라,AlUla,"헤그라 나바테아 암굴 왕릉 유네스코 유산, 거울 콘서트홀 마라야, 코끼리 바위"
594,아시아,오만,Oman,무스카트,Muscat,"페르시아만 술탄 카부스 그랜드 모스크, 무트라 수크 올드 바자르, 알 알람 술탄 궁전"
595,아시아,오만,Oman,살랄라,Salalah,"몬순(카리프) 기간 사막이 초록빛으로 변하는 기적, 세계 최고의 유향(Frankincense) 산지"
596,아시아,바레인,Bahrain,마나마,Manama,"고대 딜문 문명 바레인 요새, 밥 알 바레인 시장, 바레인 세계무역센터 풍력 터빈"
597,아시아,쿠웨이트,Kuwait,쿠웨이트시티,Kuwait City,"물방울 모양 청록색 쿠웨이트 타워, 셰이크 자베르 알 아흐마드 문화센터"
598,아시아,아랍에미리트,United Arab Emirates,샤르자,Sharjah,"아랍 세계의 문화 수도, 유네스코 이슬람 문명 박물관, 알 누르 모스크"
599,아시아,아랍에미리트,United Arab Emirates,알아인,Al Ain,"오아시스 도시 14만 그루 대추야자 숲 유네스코 유산, 자벨 하피트 사막 산악 드라이브"
600,아시아,사우디아라비아,Saudi Arabia,담맘,Dammam,"페르시아만 해안도로 코르니쉬, 현대 미술 이스라 문화센터(다란)"
601,아시아,오만,Oman,니즈와,Nizwa,"17세기 거대 원형 포탑 니즈와 요새, 매주 금요일 전통 가축 시장, 은세공 단검 칸자르"
602,아시아,요르단,Jordan,암만,Amman,"7개 언덕 위의 암만 성채 헤라클레스 신전, 6,000석 로마 원형극장, 레인보우 스트리트"
603,아시아,요르단,Jordan,페트라,Petra (Wadi Musa),"시크 협곡 끝에 붉은 사암 절벽을 파내어 만든 알 카즈네(보물창고), 세계 7대 불가사의, 수도원"
604,아시아,요르단,Jordan,아카바,Aqaba,"요르단 유일의 바다 홍해 연안 산호초 다이빙, 마린 파크, 해변 리조트"
605,아시아,요르단,Jordan,와디럼,Wadi Rum,"달의 계곡 붉은 화성 사막 지프 투어, 아라비아의 로렌스 촬영지, 베두인 텐트 캠프"
606,아시아,이스라엘,Israel,예루살렘,Jerusalem,"통곡의 벽, 황금빛 바위의 돔, 예수의 무덤 성묘 교회, 유대교·이슬람교·기독교 3대 성지"
607,아시아,이스라엘,Israel,텔아비브,Tel Aviv,"지중해 백사장 해변, 4,000채 유네스코 바우하우스 화이트 시티, 올드 자파 항구"
608,아시아,이스라엘,Israel,하이파,Haifa,"카르멜산 계단식 바하이 정원 테라스, 하이파만 지중해 파노라마 조망"
609,아시아,레바논,Lebanon,베이루트,Beirut,"중동의 파리 지중해 코르니쉬 산책로, 비둘기 바위(라오셰), 국립박물관"
610,아시아,튀르키예,Turkey,이스탄불,Istanbul,"아야 소피아, 술탄 아흐메트 블루 모스크, 보스포루스 해협 아시아-유럽 크루즈, 그랜드 바자르"
611,아시아,튀르키예,Turkey,안탈리아,Antalya,"터키석 지중해 칼레이치 로마 성벽 구시가지, 하드리아누스의 문, 뒤덴 폭포"
612,아시아,튀르키예,Turkey,보드룸,Bodrum,"고대 세계 7대 불가사의 마우솔로스 영묘 터, 에게해 성 베드로 성, 흰색 집들"
613,아시아,튀르키예,Turkey,이즈미르,Izmir,"에게해 고대 스미르나 아고라 유적, 코낙 광장 유서 깊은 시계탑, 해안 카르시야카"
614,아시아,튀르키예,Turkey,괴레메(카파도키아),Goreme (Cappadocia),"버섯 바위 요정의 굴뚝 위로 떠오르는 수백 개 열기구 일출, 지하도시 데린쿠유, 동굴 호텔"
615,아시아,튀르키예,Turkey,파묵칼레,Pamukkale (Denizli),"목화의 성 눈부신 순백 석회붕 온천 테라스 족욕, 고대 로마 유적도시 히에라폴리스"
616,아시아,튀르키예,Turkey,페티예,Fethiye,"올루데니즈 블루라군 에메랄드 해변, 바바다그 2,000m 패러글라이딩, 사클리켄트 협곡"
617,아시아,튀르키예,Turkey,앙카라,Ankara,"터키 공화국의 수도, 국부 아타튀르크의 웅장한 묘소 아니트카비르, 아나톨리아 문명 박물관"
618,아시아,튀르키예,Turkey,콘야,Konya,"수피교 신비주의 회전 댄스 세마 의식, 메블라나 루미 묘소 박물관, 이슬람 영성"
619,아시아,튀르키예,Turkey,트라브존,Trabzon,"흑해 연안 벼랑 끝 절벽에 세워진 기적의 수멜라 그리스 정교회 수도원, 우준괼 호수"
620,아시아,튀르키예,Turkey,부르사,Bursa,"초기 오스만 제국의 첫 수도 녹색 모스크, 원조 이스켄데르 케밥 발상지, 울루다그 스키장"
621,아시아,튀르키예,Turkey,사프란볼루,Safranbolu,"사프란 꽃이 피는 마을, 완벽 보존된 오스만 제국 전통 목조 저택 골목 유네스코 유산"
622,아시아,우즈베키스탄,Uzbekistan,타슈켄트,Tashkent,"초르수 바자르 돔 시장, 궁전 같은 화려한 모자이크 지하철역, 우스만 쿠란 박물관"
623,아시아,우즈베키스탄,Uzbekistan,사마르칸트,Samarkand,"티무르 제국의 푸른 보석 레기스탄 광장 3대 마드라사, 구르 에미르 영묘 황금 돔"
624,아시아,우즈베키스탄,Uzbekistan,부하라,Bukhara,"징기스칸도 파괴하지 못한 46m 칼랸 미나렛, 아크 요새 성벽, 라비 하우즈 연못"
625,아시아,카자흐스탄,Kazakhstan,알마티,Almaty,"톈산산맥 만년설 침불락 스키장, 못 하나 안 쓴 젠코프 러시아 목조 대성당, 콕토베"
626,아시아,카자흐스탄,Kazakhstan,아스타나,Astana,"황금 알을 품은 생명의 나무 바이테레크 타워, 노먼 포스터 설계 칸 샤티르 텐트 쇼핑몰"
627,아시아,키르기스스탄,Kyrgyzstan,비슈케크,Bishkek,"알라투 광장 근위병 교대식, 만년설 알라아르차 국립공원 협곡 트레킹, 오시 바자르"
628,아시아,몽골,Mongolia,울란바토르,Ulaanbaatar,"수흐바타르 광장 칭기즈 칸 거대 청동상, 테를지 국립공원 전통 가옥 게르 캠프, 은하수"
629,아시아,조지아,Georgia,트빌리시,Tbilisi,"나리칼라 요새 케이블카, 유황 온천 돔 목욕탕, 쿠라 강변 평화의 다리, 8,000년 전통 크베브리 와인"
630,아시아,아제르바이잔,Azerbaijan,바쿠,Baku,"카스피해 불꽃 타워 야간 LED 쇼, 자하 하디드 설계 헤이다르 알리예프 센터, 메이든 타워"
631,북미,미국,United States,뉴욕,New York City,"타임스퀘어, 센트럴파크, 자유의 여신상, 브로드웨이 뮤지컬, 메트로폴리탄 미술관"
632,북미,미국,United States,워싱턴 D.C.,"Washington, D.C.","백악관, 국회의사당, 링컨 기념관, 스미소니언 박물관군, 벚꽃 축제"
633,북미,미국,United States,보스턴,Boston,"프리덤 트레일, 하버드와 MIT 명문대, 펜웨이 파크 보스턴 레드삭스, 클램 차우더"
634,북미,미국,United States,필라델피아,Philadelphia,"독립기념관 독립선언서 채택지, 자유의 종, 영화 로키 미술관 계단, 필리 치즈스테이크"
635,북미,미국,United States,마이애미,Miami,"사우스 비치 오션 드라이브 아르데코 지구, 리틀 하바나 라틴 문화, 윈우드 월스"
636,북미,미국,United States,올랜도,Orlando,"월트 디즈니 월드 4개 테마파크, 유니버설 스튜디오 해리포터, 세계 테마파크 수도"
637,북미,미국,United States,애틀랜타,Atlanta,"월드 오브 코카콜라, 조지아 아쿠아리움 고래상어, 마틴 루터 킹 주니어 역사공원"
638,북미,미국,United States,볼티모어,Baltimore,"이너 하버 해양 국립수족관, 맥헨리 요새(미국 국가 작사지), 블루 크랩"
639,북미,미국,United States,피츠버그,Pittsburgh,"446개 다리의 도시, 앤디 워홀 미술관, 듀케인 인클라인 케이블카"
640,북미,미국,United States,서배너,Savannah,"스페인 이끼 드리운 참나무 22개 유서 깊은 공원 광장, 포레스트 검프 벤치"
641,북미,미국,United States,찰스턴,Charleston (South Carolina),"파스텔톤 레인보우 로우 가옥, 남북전쟁 발발지 섬터 요새, 남부 정통 환대"
642,북미,미국,United States,샬럿,Charlotte,"미국 금융 중심지, NASCAR 명예의 전당, 활기찬 업타운"
643,북미,미국,United States,롤리,Raleigh,"노스캐롤라이나 리서치 트라이앵글 테크 허브, 오크 나무 가로수"
644,북미,미국,United States,리치먼드,Richmond,"버지니아 주도, 제임스 강 급류 카약, 미국 남북전쟁 역사 박물관"
645,북미,미국,United States,탬파,Tampa,"이보 시티 쿠바계 시가 거리, 부시 가든 롤러코스터 테마파크"
646,북미,미국,United States,세인트피터즈버그(플로리다),St. Petersburg (Florida),"살바도르 달리 미국 미술관, 선샤인 시티 백사장 해변"
647,북미,미국,United States,포트로더데일,Fort Lauderdale,"미국의 베니스 수로망, 세계 최대 크루즈 모항 에버글레이즈"
648,북미,미국,United States,키웨스트,Key West,"미국 본토 최남단 서던모스트 포인트 표지석, 어니스트 헤밍웨이 생가, 말로리 스퀘어 일몰"
649,북미,미국,United States,프로비던스,Providence,"워터파이어 야간 불꽃 예술제, 아이비리그 브라운 대학교, 로드아일랜드"
650,북미,미국,United States,뉴포트,Newport (Rhode Island),"도금시대 밴더빌트 가문의 호화로운 더 브레이커스 저택군, 클리프 워크"
651,북미,미국,United States,포틀랜드(메인),Portland (Maine),"유서 깊은 올드 포트 붉은 벽돌 부두, 메인주 랍스터 롤, 포틀랜드 헤드 라이트 등대"
652,북미,미국,United States,바하버,Bar Harbor,"아카디아 국립공원 관문, 캐딜락 마운틴 미국 본토 첫 일출"
653,북미,미국,United States,애틀랜틱시티,Atlantic City,"역사적인 해안 목조 보드워크, 동부 해안 카지노 호텔 리조트"
654,북미,미국,United States,버펄로,Buffalo,"원조 버펄로 윙 앵커 바, 나이아가라 폭포 미국 측 관문, 프랭크 로이드 라이트 건축"
655,북미,미국,United States,시러큐스,Syracuse,"뉴욕주 중부 에리 운하 박물관, 명문 시러큐스 대학교"
656,북미,미국,United States,시카고,Chicago,"밀레니엄 파크 더 빈(클라우드 게이트), 시카고강 건축 크루즈, 딥디시 피자, 윌리스 타워"
657,북미,미국,United States,디트로이트,Detroit,"모타운 사운드 발상지, 헨리 포드 자동차 박물관, 부활하는 모던 아트"
658,북미,미국,United States,미니애폴리스,Minneapolis,"미시시피 강변 밀 시티 박물관, 1만 개 호수의 주 체인 오브 레이크스, 프린스 고향"
659,북미,미국,United States,세인트폴,Saint Paul,"미네소타 주도, 웅장한 세인트폴 대성당, 주 의사당"
660,북미,미국,United States,밀워키,Milwaukee,"할리데이비슨 오토바이 박물관, 밀워키 미술관 날개 조각, 맥주의 도시"
661,북미,미국,United States,클리블랜드,Cleveland,"이리 호반 록앤롤 명예의 전당, 세계 3대 클리블랜드 오케스트라"
662,북미,미국,United States,신시내티,Cincinnati,"오하이오 강변 오버더라인 독일풍 역사 지구, 신시내티 칠리"
663,북미,미국,United States,콜럼버스,Columbus,"오하이오 주도, 쇼트 노스 예술지구, 독일인 마을 저먼 빌리지"
664,북미,미국,United States,인디애나폴리스,Indianapolis,"인디 500 전설의 자동차 모터 스피드웨이, 센트럴 캐널"
665,북미,미국,United States,세인트루이스,St. Louis,"서부 개척의 관문 192m 게이트웨이 아치, 버드와이저 양조장"
666,북미,미국,United States,캔자스시티,Kansas City,"세계적인 캔자스시티 훈제 바비큐, 분수의 도시, 재즈 박물관"
667,북미,미국,United States,내슈빌,Nashville,"뮤직 시티 USA, 그랜드 올 오프리, 브로드웨이 홍키통크 라이브 바, 핫치킨"
668,북미,미국,United States,멤피스,Memphis,"엘비스 프레슬리의 저택 그레이스랜드, 빌 스트리트 블루스 클럽, 선 스튜디오"
669,북미,미국,United States,뉴올리언스,New Orleans,"프렌치 쿼터 버번 스트리트, 마디그라 카니발, 재즈 클럽, 베니에 도넛"
670,북미,미국,United States,휴스턴,Houston,"NASA 존슨 우주센터 달 착륙 관제실, 텍사스 메디컬 센터, 뮤지엄 디스트릭트"
671,북미,미국,United States,댈러스,Dallas,"JFK 대통령 암살지 딜리 플라자 6층 박물관, 댈러스 예술지구"
672,북미,미국,United States,포트워스,Fort Worth,"스톡야즈 롱혼 텍사스 소몰이 퍼레이드, 카우보이 문화의 요람"
673,북미,미국,United States,오스틴,Austin,"세계 라이브 음악의 수도, 프랭클린 바비큐, 사우스 바이 사우스웨스트(SXSW)"
674,북미,미국,United States,샌안토니오,San Antonio,"사이프러스 가로수 리버워크 보트 투어, 텍사스 독립 알라모 전도소 요새"
675,북미,미국,United States,루이빌,Louisville,"처칠 다운스 켄터키 더비 경마, 버번위스키 트레일, 루이빌 슬러거 야구방망이"
676,북미,미국,United States,오클라호마시티,Oklahoma City,"브릭타운 운하 워터택시, 국립 카우보이 서부 유산 박물관"
677,북미,미국,United States,털사,Tulsa,"세계적인 석유 호황기 아르데코 건축군, 개더링 플레이스 대형 공원"
678,북미,미국,United States,오마하,Omaha,"워런 버핏의 고향, 헨리 둘리 동물원 사막 돔, 올드 마켓"
679,북미,미국,United States,디모인,Des Moines,"아이오와 황금빛 주 의사당 돔, 파파존 조각공원"
680,북미,미국,United States,파고,Fargo,"영화 파고 우드치퍼 전시, 노스다코타 헤리티지"
681,북미,미국,United States,로스앤젤레스,Los Angeles,"할리우드 명예의 거리, 그리피스 천문대 야경, 산타모니카 피어, 비벌리힐스"
682,북미,미국,United States,샌프란시스코,San Francisco,"붉은 금문교(골든게이트 브리지), 케이블카 언덕길, 알카트라즈 섬, 피셔맨스 워프"
683,북미,미국,United States,샌디에이고,San Diego,"발보아 공원 스페인 건축, 라호야 비치 물개, 코로나도 섬, 샌디에이고 동물원"
684,북미,미국,United States,시애틀,Seattle,"스페이스 니들 전망대, 파이크 플레이스 연어 던지기 시장, 스타벅스 1호점, 치훌리 가든"
685,북미,미국,United States,라스베이거스,Las Vegas,"벨라지오 분수 쇼, 라스베이거스 스트립 메가 카지노 호텔, 화려한 밤의 엔터테인먼트"
686,북미,미국,United States,덴버,Denver,"마일 하이 시티(해발 1,600m), 로키산맥 국립공원 관문, 레드 록스 야외 원형극장"
687,북미,미국,United States,피닉스,Phoenix,"소노라 사막 사구와 사와로 선인장, 카멜백 마운틴 하이킹, 리조트"
688,북미,미국,United States,스코츠데일,Scottsdale,"고급 스파 골프 리조트, 프랭크 로이드 라이트 탈리에신 웨스트"
689,북미,미국,United States,세도나,Sedona,붉은 사암 기암괴석과 4대 볼텍스(Vortex) 영적 에너지 힐링 명소
690,북미,미국,United States,투손,Tucson,"사와로 국립공원 거대 선인장 군락, 유네스코 미식도시 멕시코 요리"
691,북미,미국,United States,플래그스태프,Flagstaff,"세계 최초 밤하늘 보호구역, 로웰 천문대 명왕성 발견지, 그랜드 캐니언 관문"
692,북미,미국,United States,포틀랜드(오리건),Portland (Oregon),"소비세 0% 친환경 도시, 파월스 세계 최대 독립 서점, 수제 맥주와 커피"
693,북미,미국,United States,산호세,San Jose,"실리콘밸리의 수도, 애플/구글/메타 테크 캠퍼스 관문, 윈체스터 미스터리 하우스"
694,북미,미국,United States,새크라멘토,Sacramento,"캘리포니아 주도, 1849년 골드러시 올드 새크라멘토 강변 지구, 철도 박물관"
695,북미,미국,United States,솔트레이크시티,Salt Lake City,"템플 스퀘어 몰몬 태버내클, 그레이트솔트호, 유타 5대 국립공원 관문"
696,북미,미국,United States,파크시티,Park City,"선댄스 영화제 발상지, 세계적인 스키 리조트 슬로프"
697,북미,미국,United States,모압,Moab,"아치스 국립공원 델리케이트 아치, 캐니언랜즈 국립공원, 오프로드 지프 투어"
698,북미,미국,United States,앨버커키,Albuquerque,"세계 최대 국제 열기구 축제, 샌디아 피크 세계 최장 트램웨이, 드라마 브레이킹배드"
699,북미,미국,United States,산타페,Santa Fe,"황토빛 어도비 진흙 양식 건축 보존, 조지아 오키프 미술관, 칠리 미식"
700,북미,미국,United States,타오스,Taos,"1,000년 된 유네스코 북미 원주민 타오스 푸에블로 다층 주거지"
701,북미,미국,United States,콜로라도스프링스,Colorado Springs,"신들의 정원(Garden of the Gods) 붉은 수직 암벽, 파익스 피크 톱니바퀴 열차"
702,북미,미국,United States,아스펜,Aspen,"세계 부호들의 럭셔리 겨울 스키 성지, 마룬 벨스 알프스 절경"
703,북미,미국,United States,베일,Vail,"미국 최대 규모의 알파인 스키 리조트, 바이에른풍 보행자 전용 빌리지"
704,북미,미국,United States,잭슨홀,Jackson Hole (Jackson),"엘크 사슴 뿔 아치 타운 스퀘어, 그랜드 티턴 & 옐로스톤 국립공원 관문"
705,북미,미국,United States,보즈먼,Bozeman,"옐로스톤 북서쪽 관문, 로키산맥 공룡 박물관 티라노사우루스 화석"
706,북미,미국,United States,미줄라,Missoula,"영화 흐르는 강물처럼 플라이 낚시의 성지, 몬태나 자연"
707,북미,미국,United States,보이시,Boise,"나무의 도시, 보이시 리버 그린벨트 자전거길, 바스크 문화 지구"
708,북미,미국,United States,리노,Reno,"세계에서 가장 큰 작은 도시, 레이크 타호 북쪽 관문 카지노"
709,북미,미국,United States,사우스레이크타호,South Lake Tahoe,"코발트블루 에메랄드 베이 호수 뷰, 헤븐리 곤돌라 스키"
710,북미,미국,United States,팜스프링스,Palm Springs,"미드센추리 모던 건축, 샌하신토 회전식 공중 트램웨이, 조슈아 트리 관문"
711,북미,미국,United States,산타바바라,Santa Barbara,"아메리칸 리비에라, 붉은 기와 스페인 식민지 부흥 건축, 스턴스 워프"
712,북미,미국,United States,몬터레이,Monterey,"몬터레이만 수족관 해달, 17마일 드라이브 론 사이프러스, 캐너리 로우"
713,북미,미국,United States,카멜바이더씨,Carmel-by-the-Sea,"동화 같은 코티지 오두막집, 주소 번지수 없는 예술가 마을, 백사장"
714,북미,미국,United States,나파,Napa,"세계적인 나파 밸리 카베르네 소비뇽 와이너리 투어, 나파 와인 트레인"
715,북미,미국,United States,스포캔,Spokane,"도심 한가운데를 가로지르는 스포캔 폭포 공중 곤돌라, 1974 엑스포 공원"
716,북미,미국,United States,호놀룰루,Honolulu,"와이키키 서핑 해변, 다이아몬드 헤드 분화구 등반, 하와이 진주만 기념관"
717,북미,미국,United States,라하이나,Lahaina (Maui),"하와이 왕국 옛 수도, 150년 된 거대 반얀트리 공원, 혹등고래 투어"
718,북미,미국,United States,힐로,Hilo,"하와이 빅아일랜드 화산국립공원 킬라우에아 활화산 관문, 레인보우 폭포"
719,북미,미국,United States,카일루아코나,Kailua-Kona,"세계 3대 코나 커피 농장 투어, 아이언맨 철인3종경기 코스, 만타가오리 야간 스노클링"
720,북미,미국,United States,리후에(카우아이),Lihue (Kauai),"가든 아일랜드, 태평양의 그랜드 캐니언 와이메아 협곡, 나팔리 코스트 헬기 투어"
721,북미,미국,United States,앵커리지,Anchorage,"알래스카 최대 도시, 턴어게인 암 고래 관찰 드라이브, 개썰매 대회 아이디타로드"
722,북미,미국,United States,페어뱅크스,Fairbanks,"미국 최고의 오로라 관측지, 치나 온천 리조트 노천 온천, 백야 축제"
723,북미,미국,United States,주노,Juneau,"육로 연결 없는 알래스카 주도, 멘덴홀 빙하 너겟 폭포, 혹등고래 크루즈"
724,북미,미국,United States,스캐그웨이,Skagway,"1898년 클론다이크 골드러시 목조 서부 마을, 화이트 패스 유콘 산악 철도"
725,북미,미국,United States,케치칸,Ketchikan,"세계 연어의 수도, 크릭 스트리트 수상 목조 산책로, 세계 최대 토템폴 군락"
726,북미,미국,United States,싯카,Sitka,"러시아령 아메리카 옛 수도, 러시아 정교회 성 미카엘 대성당, 대머리독수리 센터"
727,북미,미국,United States,수어드,Seward,"키나이 피오르드 국립공원 고래와 빙하 붕락 보트 투어, 해양 생태 센터"
728,북미,미국,United States,호머,Homer,"세계 넙치(할리벗) 낚시의 수도, 바다로 길게 뻗은 호머 스핏 모래톱"
729,북미,미국,United States,탈키트나,Talkeetna,"북미 최고봉 디날리산(6,190m) 경비행기 빙하 착륙 투어 출발 기지"
730,북미,미국,United States,놈,Nome,"베링해 연안 골드러시 역사, 1,600km 아이디타로드 개썰매 레이스 결승선"
731,북미,캐나다,Canada,토론토,Toronto,"553m CN 타워 엣지워크, 로열 온타리오 박물관 크리스털 파사드, 나이아가라 관문"
732,북미,캐나다,Canada,밴쿠버,Vancouver,"스탠리 파크 방파제 자전거길, 그랜빌 아일랜드 퍼블릭 마켓, 캐필라노 흔들다리"
733,북미,캐나다,Canada,몬트리올,Montreal,"노트르담 대성당 아우라 라이트쇼, 몽루아얄 공원 전망대, 북미의 파리 불어 문화"
734,북미,캐나다,Canada,퀘벡시티,Quebec City,"샤토 프롱트낙 호텔, 쁘띠 샹플랭 도깨비 언덕, 북미 유일의 성벽 보존 도시"
735,북미,캐나다,Canada,오타와,Ottawa,"캐나다 연방 국회의사당 평화의 탑, 겨울 스케이트장 리도 운하 유네스코 유산"
736,북미,캐나다,Canada,캘거리,Calgary,"세계 최대 야외 축제 캘거리 스탬피드 로데오, 캘거리 타워, 앨버타 비프 스테이크"
737,북미,캐나다,Canada,에드먼턴,Edmonton,"북미 최대 실내 복합 쇼핑몰 웨스트 에드먼턴 몰, 노스 서스캐처원 강변 계곡"
738,북미,캐나다,Canada,빅토리아(캐나다),Victoria (British Columbia),"세계적인 사계절 꽃의 낙원 부차트 가든, 브리티시컬럼비아 주의사당"
739,북미,캐나다,Canada,밴프,Banff,"밴프 국립공원 설퍼산 곤돌라, 에메랄드빛 레이크 루이스, 페어몬트 밴프 스프링스"
740,북미,캐나다,Canada,재스퍼,Jasper,"세계 2대 밤하늘 보존지구, 컬럼비아 빙원 아타바스카 빙하 설상차 투어, 말린 호수"
741,북미,캐나다,Canada,휘슬러,Whistler,"2010 동계올림픽 무대, 북미 1위 스키 리조트, 픽투픽 곤돌라"
742,북미,캐나다,Canada,핼리팩스,Halifax,"언덕 위 별 모양 시타델 요새, 대서양 해양 박물관 타이타닉 유물, 랍스터 롤"
743,북미,캐나다,Canada,세인트존스,St. John's,"북미 최동단 시그널 힐 마르코니 무선탑, 젤리빈 로우 알록달록 목조 주택가"
744,북미,캐나다,Canada,샬럿타운,Charlottetown,"빨간 머리 앤의 고향 프린스에드워드섬(PEI) 주도, 캐나다 연방 탄생지"
745,북미,캐나다,Canada,옐로나이프,Yellowknife,"NASA 선정 세계 최고의 360도 오로라 뷰 오로라빌리지, 개썰매와 얼음낚시"
746,북미,캐나다,Canada,화이트호스,Whitehorse,"유콘 준주 수도, 유콘강 외륜선 SS 클론다이크호, 타키니 천연 야외 온천"
747,북미,캐나다,Canada,나이아가라폴스(캐나다),Niagara Falls (Canada),"호스슈 폭포 눈앞 절경, 혼블로워 나이아가라 크루즈, 폭포 뒤 여행(Journey Behind the Falls)"
748,북미,캐나다,Canada,킬로나,Kelowna,"오카나간 호수 괴물 오고포고 전설, 캐나다 최고의 와이너리와 과수원 리조트"
749,북미,캐나다,Canada,킹스턴(온타리오),Kingston (Ontario),"세인트로렌스강 1,000개 섬 크루즈(천섬), 캐나다 최초의 옛 수도 포트 헨리"
750,북미,캐나다,Canada,위니펙,Winnipeg,"캐나다 인권 박물관 기하학적 건축, 더 포크스 유서 깊은 만남의 장터"
751,북미,캐나다,Canada,리자이나,Regina,"캐나다 왕립 기마경찰(RCMP) 사관학교 박물관, 와스카나 호수 공원"
752,북미,캐나다,Canada,새스커툰,Saskatoon,"다리의 도시 새스커툰, 리마이 모던 현대미술관, 대초원의 파리"
753,북미,캐나다,Canada,몽턴,Moncton,펀디만 세계 최고 16m 조수간만의 차 호프웰 록스 화분 바위 관문
754,북미,캐나다,Canada,프레더릭턴,Fredericton,"뉴브런즈윅 주도, 비버브룩 미술관 살바도르 달리 명작, 느티나무 가로수"
755,북미,캐나다,Canada,선더베이,Thunder Bay,"슈피리어 호반 잠자는 거인(Sleeping Giant) 바위 능선, 포트 윌리엄 역사공원"
756,북미,캐나다,Canada,서드베리,Sudbury,"세계 최대의 니켈 동전 빅 니켈 조형물, 사이언스 노스 과학관"
757,북미,캐나다,Canada,윈저(온타리오),Windsor (Ontario),"디트로이트강 건너 미국 마천루 스카이라인 조망, 시저스 윈저 카지노"
758,북미,캐나다,Canada,런던(온타리오),London (Ontario),"숲의 도시, 템스강, 웨스턴 대학교 명문 캠퍼스"
759,북미,캐나다,Canada,해밀턴,Hamilton,"100개 이상의 폭포가 숨어있는 폭포의 수도, 던던 성"
760,북미,캐나다,Canada,캠루프스,Kamloops,"톰슨 강변 아웃도어 스포츠의 수도, 로키산맥 횡단 열차 경유지"
761,북미,캐나다,Canada,프린스루퍼트,Prince Rupert,"북서태평양 혹등고래와 회색곰 투어, 퍼스트 네이션 토템폴"
762,북미,캐나다,Canada,처칠,Churchill,"세계 북극곰의 수도, 벨루가 흰돌고래 보트 스노클링, 툰드라 버기 투어"
763,북미,캐나다,Canada,토피노,Tofino,"밴쿠버 아일랜드 태평양 서핑 성지 롱비치, 겨울철 태풍 관찰(Storm Watching)"
764,북미,캐나다,Canada,캔모어,Canmore,"세 자매 봉우리(Three Sisters) 절경, 밴프 옆 여유로운 산악 마을"
765,북미,캐나다,Canada,도슨시티,Dawson City,"골드러시 목조 건물 보존 거리, 인간 발가락이 들어간 샤워토 칵테일(Sourtoe Cocktail)"
766,북미,멕시코,Mexico,멕시코시티,Mexico City,"소칼로 광장, 프리다 칼로 파란 집 박물관, 국립인류학박물관, 차풀테펙 성"
767,북미,멕시코,Mexico,칸쿤,Cancun,"카리브해 22km 백사장 호텔존, 이슬라 무헤레스, 언더워터 수중 조각 미술관"
768,북미,멕시코,Mexico,플라야델카르멘,Playa del Carmen,"킨타 아베니다 보행자 거리, 스칼렛 해양 생태 테마파크 관문"
769,북미,멕시코,Mexico,툴룸,Tulum,"터키석 카리브해 절벽 위 마야 유적 바람의 신전, 보헤미안 비치 클럽"
770,북미,멕시코,Mexico,과달라하라,Guadalajara,"마리아치 음악과 데킬라 술의 본고장, 오로스코 프레스코 호스피시오 카바냐스"
771,북미,멕시코,Mexico,와하카,Oaxaca,"멕시코 7대 몰레 소스 미식 수도, 몬테 알반 피라미드, 망자의 날(Dia de Muertos)"
772,북미,멕시코,Mexico,산미겔데아옌데,San Miguel de Allende,"분홍빛 네오고딕 파로키아 대성당, 식민지 조약돌 예술가 마을"
773,북미,멕시코,Mexico,과나후아토,Guanajuato,"피필라 전망대 파스텔톤 언덕 파노라마, 키스의 골목, 지하 터널 도로망"
774,북미,멕시코,Mexico,푸에블라,Puebla,"탈라베라 도자기 타일 건축, 몰레 포블라노 탄생지, 초룰라 초대형 피라미드"
775,북미,멕시코,Mexico,메리다,Merida (Mexico),"유카탄 반도의 백색 도시, 파세오 데 몬테호 대로, 우슈말 마야 유적 관문"
776,북미,멕시코,Mexico,카보산루카스,Cabo San Lucas (Los Cabos),"태평양과 코르테스해가 만나는 바다 아치 엘 아르코, 럭셔리 리조트"
777,북미,멕시코,Mexico,푸에르토바야르타,Puerto Vallarta,"말레콘 해변 산책로 해마 조각상, 로스 아르코스 스노클링, 반데라스만 일몰"
778,북미,멕시코,Mexico,몬테레이,Monterrey,"안장 모양 세로 데 라 시야 산, 산타 루시아 인공강 유람선, 푼디도라 공원"
779,북미,멕시코,Mexico,바야돌리드(치첸이트사),Chichen Itza (Valladolid),"세계 7대 불가사의 마야 엘 카스티요 피라미드, 환상적인 천연 수쿠쿠체 세노테"
780,북미,멕시코,Mexico,코수멜,Cozumel,팔란카 암초 자크 쿠스토가 극찬한 세계적 스쿠버다이빙 산호초 섬
781,북미,멕시코,Mexico,산크리스토발데라스카사스,San Cristobal de las Casas,"치아파스 고원 마야 원주민 문화, 수미데로 협곡 보트 투어"
782,북미,멕시코,Mexico,마사틀란,Mazatlan,"태평양의 진주, 세계 최장 해변 산책로 말레콘, 유서 깊은 극장"
783,북미,멕시코,Mexico,시와타네호,Zihuatanejo (Ixtapa),"영화 쇼생크 탈출 마지막 재회 해변, 평화로운 전통 어촌 휴양지"
784,북미,멕시코,Mexico,아카풀코,Acapulco,"라 케브라다 35m 아찔한 절벽 다이빙 쇼, 전설적인 태평양 휴양지"
785,북미,멕시코,Mexico,모렐리아,Morelia,"분홍색 채석 암석 바로크 대성당, 제왕나비 월동 생태보호구역 관문"
786,북미,멕시코,Mexico,사카테카스,Zacatecas,"은광 케이블카 세로 델 라 부파, 멕시코 최고의 핑크 사암 고딕 대성당"
787,북미,멕시코,Mexico,캄페체,Campeche,"카리브해 해적을 막기 위해 쌓은 육각형 성벽 요새 도시, 파스텔 파사드"
788,북미,멕시코,Mexico,엔세나다,Ensenada,"바하칼리포르니아 와인 밸리 과달루페, 해안 바위 바다 분수 라 부파도라"
789,북미,멕시코,Mexico,라파스(멕시코),La Paz (Baja California),"발란드라 비치 버섯 바위, 고래상어와 함께 헤엄치는 코르테스해의 수족관"
790,북미,멕시코,Mexico,데킬라(도시),Tequila,"유네스코 푸른 아가베 선인장 농장, 호세 쿠에르보 전통 데킬라 증류소"
791,북미,쿠바,Cuba,아바나,Havana,"말레콘 해안 방파제 클래식카 드라이브, 올드 아바나 4대 광장, 헤밍웨이 모히토"
792,북미,푸에르토리코,Puerto Rico,산후안,San Juan,"엘 모로 요새, 올드 산후안 코발트블루 조약돌 골목길, 피냐콜라다 발상지"
793,북미,도미니카공화국,Dominican Republic,산토도밍고,Santo Domingo,"아메리카 대륙 최초의 유럽 식민 도시 조나 콜로니알, 콜럼버스 등대"
794,북미,도미니카공화국,Dominican Republic,푼타카나,Punta Cana,"야자수가 늘어선 바바로 비치, 최고급 올인클루시브 카리브해 리조트"
795,북미,자메이카,Jamaica,킹스턴(자메이카),Kingston (Jamaica),"레게 음악의 전설 밥 말리 박물관, 블루마운틴 커피 농장 하이킹"
796,북미,바하마,Bahamas,나소,Nassau,"아틀란티스 파라다이스 아일랜드 아쿠아벤처, 엑수마 야생 돼지 수영 섬 투어 관문"
797,북미,파나마,Panama,파나마시티,Panama City,"대서양과 태평양을 잇는 파나마 운하 미라플로레스 갑문, 카스코 비에호 구시가지"
798,북미,코스타리카,Costa Rica,산호세(코스타리카),San Jose (Costa Rica),"생태관광의 천국 관문, 국립극장 금빛 내부, 화산과 열대우림"
799,북미,과테말라,Guatemala,안티구아과테말라,Antigua Guatemala,"화산들을 배경으로 한 산타 카탈리나 아치, 스페인 식민지 바로크 폐허 성당"
800,북미,바베이도스,Barbados,브리지타운,Bridgetown,"유네스코 군사 요새 주둔지 카리브해 무역항, 팝스타 리한나의 고향"
801,남미,브라질,Brazil,리우데자네이루,Rio de Janeiro,"구세주 그리스도상(코르코바두), 코파카바나 해변, 삼바 카니발"
802,남미,브라질,Brazil,상파울루,Sao Paulo,"남미 최대 경제 중심지, 파울리스타 대로, 세계적 미식"
803,남미,브라질,Brazil,살바도르,Salvador,"펠로우리뉴 아프로-브라질 문화의 요람, 카포에이라"
804,남미,브라질,Brazil,브라질리아,Brasilia,"오스카 니마이어 미래주의 계획도시, 국회의사당"
805,남미,브라질,Brazil,포스두이구아수,Foz do Iguacu,"이구아수 폭포 브라질 관문, 악마의 목구멍 파노라마"
806,남미,브라질,Brazil,마나우스,Manaus,"아마존 열대우림 한가운데의 도시, 아마조나스 오페라하우스"
807,남미,브라질,Brazil,쿠리치바,Curitiba,"세계적인 친환경 생태도시 모델, 식물원 아르누보 유리 온실"
808,남미,브라질,Brazil,벨루오리존치,Belo Horizonte,"팜풀랴 호수 현대 건축 단지, 미나스제라이스 전통 미식"
809,남미,브라질,Brazil,헤시피,Recife,"브라질의 베니스, 올린다 식민지 역사 지구, 보아비아젱 해변"
810,남미,브라질,Brazil,포르탈레자,Fortaleza,"이라세마 해변 일몰, 비치 파크 워터파크, 포호 댄스"
811,남미,브라질,Brazil,플로리아노폴리스,Florianopolis,"마법의 섬, 42개 에메랄드빛 서핑 해변, 석호"
812,남미,브라질,Brazil,나탈,Natal,"사구 샌드보딩 버기 투어, 폰타네그라 해변"
813,남미,브라질,Brazil,포르투알레그리,Porto Alegre,가우초 카우보이 문화와 슈하스코 바비큐의 본고장
814,남미,브라질,Brazil,파라치,Paraty,"유네스코 생물다양성 및 식민지 보존 해안 도시, 카샤사 증류주"
815,남미,브라질,Brazil,오우루프레투,Ouro Preto,"18세기 골드러시 바로크 건축, 알레이자지뉴 조각"
816,남미,브라질,Brazil,산투스,Santos,"세계 최대 커피 수출 항구, 펠레 축구 박물관"
817,남미,브라질,Brazil,그라마두,Gramado,"브라질 남부의 독일풍 알프스 리조트 마을, 수국 꽃길"
818,남미,브라질,Brazil,페트로폴리스,Petropolis,브라질 제국 황실의 여름 궁전과 박물관
819,남미,브라질,Brazil,보니투,Bonito,"초투명 담수 강 스노클링, 아비스모 아나후마스 동굴"
820,남미,브라질,Brazil,페르난두지노로냐,Fernando de Noronha,"남대서양 최고의 해양 야생동물 낙원, 산초 비치"
821,남미,아르헨티나,Argentina,부에노스아이레스,Buenos Aires,"탱고의 발상지, 라 보카 카미니토, 콜론 극장, 플라자 데 마요"
822,남미,아르헨티나,Argentina,멘도사,Mendoza,안데스 산맥 기슭 세계 최고의 말벡 와인 산지 와이너리 투어
823,남미,아르헨티나,Argentina,바릴로체,Bariloche,"남미의 스위스, 나우엘 우아피 호수, 수제 초콜릿"
824,남미,아르헨티나,Argentina,엘칼라파테,El Calafate,"페리토 모레노 거대 빙하 트레킹 관문, 아르헨티노 호수"
825,남미,아르헨티나,Argentina,우수아이아,Ushuaia,"세계 최남단 도시(세상의 끝), 비글 해협 펭귄 투어, 남극 관문"
826,남미,아르헨티나,Argentina,푸에르토이구아수,Puerto Iguazu,"아르헨티나 쪽 이구아수 폭포 산책로, 악마의 목구멍 근접 뷰"
827,남미,아르헨티나,Argentina,코르도바(아르헨티나),Cordoba (Argentina),"예수회 유적 블록 유네스코 유산, 유서 깊은 대학도시"
828,남미,아르헨티나,Argentina,살타,Salta,"안데스 고원을 달리는 구름기차, 아름다운 살타 식민지 유산"
829,남미,아르헨티나,Argentina,엘찰텐,El Chalten,"아르헨티나 트레킹의 수도, 피츠로이 봉우리 하이킹"
830,남미,아르헨티나,Argentina,로사리오,Rosario,"체 게바라와 리오넬 메시의 고향, 파라나 강변 국기 기념탑"
831,남미,아르헨티나,Argentina,마르델플라타,Mar del Plata,"대서양 최대 해변 휴양지, 카지노와 해산물 요리"
832,남미,아르헨티나,Argentina,산마르틴데로스안데스,San Martin de los Andes,7개 호수 도로(Ruta de los Siete Lagos) 출발점
833,남미,아르헨티나,Argentina,후후이,Jujuy (San Salvador de Jujuy),"우마우아카 협곡, 7색 언덕 푸르마마르카 관문"
834,남미,아르헨티나,Argentina,티그레,Tigre,"파라나강 삼각주 수로 보트 투어, 과일 시장"
835,남미,아르헨티나,Argentina,트렐레우,Trelew,"파타고니아 푼타 톰보 마젤란 펭귄 서식지 관문, 공룡 박물관"
836,남미,아르헨티나,Argentina,비야라앙고스투라,Villa La Angostura,"아라야네스 국립공원 미르틀 나무 숲, 호수 별장촌"
837,남미,페루,Peru,쿠스코,Cusco,"잉카 제국의 신성한 수도, 아르마스 광장, 12각 돌 성벽, 삭사이와만"
838,남미,페루,Peru,마추픽추,Machu Picchu,"공중도시 잃어버린 잉카 유적, 세계 7대 불가사의, 와이나픽추"
839,남미,페루,Peru,리마,Lima,"태평양 절벽 미라플로레스 사랑의 공원, 세계 최고의 세비체 미식 수도"
840,남미,페루,Peru,아레키파,Arequipa,"백색 화산암의 도시, 산타 카탈리나 수녀원, 콜카 협곡 콘도르"
841,남미,페루,Peru,푸노,Puno,"세계 최고도 항행 호수 티티카카 호수, 우로스 갈대 섬 민속 마을"
842,남미,페루,Peru,이키토스,Iquitos,"육로 연결이 없는 세계 최대 정글 도시, 아마존강 보트 원정"
843,남미,페루,Peru,와카치나,Huacachina,"모래사막 속 신비한 천연 오아시스 마을, 샌드보딩과 버기카"
844,남미,페루,Peru,나스카,Nazca,사막 바닥에 그려진 거대한 고대 불가사의 나스카 지상화 경비행기 투어
845,남미,페루,Peru,파라카스,Paracas,"바예스타스 물개와 펠리컨 군락지, 칸델라브라 촛대 지상화"
846,남미,페루,Peru,트루히요,Trujillo,"찬찬 진흙 고대 도시 유적, 태양의 신전(우아카 델 솔)"
847,남미,페루,Peru,치클라요,Chiclayo,"시판 왕의 황금 무덤 박물관, 북부 고고학 유적"
848,남미,페루,Peru,와라스,Huaraz,안데스 블랑카 산맥 69호수 트레킹의 전초기지
849,남미,칠레,Chile,산티아고,Santiago,"산 크리스토발 언덕 성모상, 코스타네라 센터, 안데스 설산 조망"
850,남미,칠레,Chile,발파라이소,Valparaiso,"태평양 언덕 위 컬러풀 벽화 골목길, 아센소르 고풍스러운 승강기"
851,남미,칠레,Chile,비냐델마르,Vina del Mar,"꽃시계, 해변 리조트 산책로, 국제 가요제"
852,남미,칠레,Chile,산페드로데아타카마,San Pedro de Atacama,"달의 계곡 사막 일몰, 타티오 간헐천, 세계 최고의 별 관측"
853,남미,칠레,Chile,푸에르토바라스,Puerto Varas,"눈 덮인 오소르노 화산, 얀키우에 호반의 독일풍 장미 도시"
854,남미,칠레,Chile,푼타아레나스,Punta Arenas,"마젤란 해협을 굽어보는 남부 항구, 파타고니아 역사"
855,남미,칠레,Chile,푸에르토나탈레스,Puerto Natales,토레스 델 파이네 국립공원 W트레킹 출발 기지
856,남미,칠레,Chile,항가로아(이스터섬),Hanga Roa (Easter Island),"신비로운 거대 석상 모아이, 라노 라라쿠 채석장"
857,남미,칠레,Chile,라세레나,La Serena,"식민지풍 등대, 엘키 밸리 피스코 양조장과 천문대"
858,남미,칠레,Chile,안토파가스타,Antofagasta,"사막의 손(La Mano del Desierto) 거대 조각, 포르타다 바위 아치"
859,남미,칠레,Chile,카스트로(칠로에섬),Castro (Chiloe),"팔라피토 수상 가옥, 유네스코 목조 교회들"
860,남미,칠레,Chile,이키케,Iquique,"사막 모래언덕 패러글라이딩, 카반차 해변, 면세 무역항"
861,남미,콜롬비아,Colombia,보고타,Bogota,"몬세라테 언덕 파노라마, 황금 박물관, 보테로 미술관 볼륨 예술"
862,남미,콜롬비아,Colombia,메데진,Medellin,"영원한 봄의 도시, 메트로케이블 공중전철, 코무나 13 벽화 혁신"
863,남미,콜롬비아,Colombia,카르타헤나,Cartagena,"카리브해 성벽 안 부겐빌리아 발코니 식민지 골목, 산 펠리페 요새"
864,남미,콜롬비아,Colombia,칼리,Cali,"세계 살사의 수도, 열정적인 댄스 바와 살사 페스티벌"
865,남미,콜롬비아,Colombia,살렌토,Salento,"코코라 계곡 60미터 왁스 팜 야자수 하이킹, 명품 커피 농장"
866,남미,콜롬비아,Colombia,산타마르타,Santa Marta,"남미 최고(最古) 식민지 도시, 타이로나 국립공원 밀림 해변"
867,남미,콜롬비아,Colombia,과타페,Guatape,"피에드라 델 페뇰 거대 화강암 바위, 컬러풀 소칼로 문양 마을"
868,남미,콜롬비아,Colombia,바랑키야,Barranquilla,"유네스코 세계유산 카니발 축제, 샤키라의 고향"
869,남미,콜롬비아,Colombia,포파얀,Popayan,"백색의 도시, 유네스코 음식창의도시, 성주간 축제"
870,남미,콜롬비아,Colombia,비야데레이바,Villa de Leyva,"남미 최대의 자갈돌 마요르 광장, 백색 식민지 마을"
871,남미,에콰도르,Ecuador,키토,Quito,"적도 기념비(Mitad del Mundo), 유네스코 제1호 지정 완벽 보존 구시가지"
872,남미,에콰도르,Ecuador,쿠엥카,Cuenca,"파나마 모자의 진짜 발상지, 토메밤바 강변 식민지 건축"
873,남미,에콰도르,Ecuador,푸에르토아요라(갈라파고스),Puerto Ayora (Galapagos),"다윈 연구소, 바다이구아나와 거대 갈라파고스 땅거북"
874,남미,에콰도르,Ecuador,바뇨스,Banos,"세상의 끝 그네(Casa del Arbol), 악마의 솥 폭포, 온천 액티비티"
875,남미,볼리비아,Bolivia,라파스,La Paz,"세계 최고 고도 행정수도, 미 텔레페리코 케이블카 대중교통, 마녀 시장"
876,남미,볼리비아,Bolivia,우유니,Uyuni,"세계 최대 우유니 소금사막(Salar de Uyuni), 하늘을 비추는 거울"
877,남미,볼리비아,Bolivia,수크레,Sucre,"볼리비아 헌법상 수도, 순백의 바로크 교회와 공룡 발자국 칼 오르코"
878,남미,우루과이,Uruguay,몬테비데오,Montevideo,"22km 람블라 해변 산책로, 메르카도 델 푸에르토 아사도"
879,남미,우루과이,Uruguay,푼타델에스테,Punta del Este,"남미의 모나코, 모래사장에 솟은 거대한 손(Los Dedos) 조각"
880,남미,우루과이,Uruguay,콜로니아델사크라멘토,Colonia del Sacramento,"포르투갈풍 등대와 조약돌 골목, 부에노스아이레스 페리 관문"
881,아프리카,이집트,Egypt,카이로,Cairo,"기자의 대피라미드, 스핑크스, 대이집트박물관(GEM), 칸 엘 칼릴리 시장"
882,아프리카,이집트,Egypt,룩소르,Luxor,"왕들의 계곡 투탕카멘 무덤, 카르나크 신전 열주홀, 열기구 투어"
883,아프리카,이집트,Egypt,아스완,Aswan,"아부 심벨 거대 암굴 신전 관문, 나일강 펠루카 범선, 필레 신전"
884,아프리카,이집트,Egypt,알렉산드리아,Alexandria,"지중해의 진주, 신 알렉산드리아 도서관, 카이트베이 해상 요새"
885,아프리카,이집트,Egypt,샤름엘셰이크,Sharm El Sheikh,라스 무하마드 국립공원 홍해 산호초 스쿠버다이빙 리조트
886,아프리카,이집트,Egypt,후르가다,Hurghada,"홍해 백사장 올인클루시브 리조트, 사막 쿼드바이크 사파리"
887,아프리카,이집트,Egypt,다합,Dahab,"블루홀 프리다이빙의 성지, 배낭여행자의 느긋한 오아시스"
888,아프리카,이집트,Egypt,시와오아시스,Siwa Oasis,"사하라 사막 속 천연 소금 호수, 알렉산더 대왕 아문 신탁 성지"
889,아프리카,모로코,Morocco,마라케시,Marrakech,"제마 엘 프나 광장의 야시장 공연, 입생로랑 마조렐 정원, 바히아 궁전"
890,아프리카,모로코,Morocco,페스,Fes,"9,000개 미로 골목 메디나, 슈와라 천연 가죽 염색장(테너리)"
891,아프리카,모로코,Morocco,셰프샤우엔,Chefchaouen,리프 산맥에 안긴 온통 푸른색으로 칠해진 동화 같은 블루 시티
892,아프리카,모로코,Morocco,카사블랑카,Casablanca,"바다 위에 지어진 웅장한 하산 2세 모스크, 릭스 카페"
893,아프리카,모로코,Morocco,라바트,Rabat,"모로코 수도, 대서양 굽어보는 우다야 카스바, 하산 탑 미완성 모스크"
894,아프리카,모로코,Morocco,에사우이라,Essaouira,"대서양 성벽 요새 항구, 서핑과 갈매기, 영화 킹덤오브헤븐 촬영지"
895,아프리카,모로코,Morocco,메르주가,Merzouga,사하라 에르그 셰비 거대 황금 사구 낙타 사파리와 사막 캠프
896,아프리카,모로코,Morocco,와르자자트,Ouarzazate,"모로코의 할리우드 아틀라스 스튜디오, 아틀라스 산맥 관문"
897,아프리카,모로코,Morocco,아이트벤하두,Ait Benhaddou,"유네스코 고대 진흙 크사르 요새 마을, 글래디에이터 촬영지"
898,아프리카,모로코,Morocco,탕헤르,Tangier,"지브롤터 해협 마주보는 아프리카의 관문, 헤라클레스 동굴"
899,아프리카,남아공,South Africa,케이프타운,Cape Town,"테이블마운틴 케이블카, 희망봉 곶, 볼더스 비치 아프리카 펭귄"
900,아프리카,남아공,South Africa,요하네스버그,Johannesburg,"아파르트헤이트 박물관, 만델라 하우스, 소웨토 타운십"
901,아프리카,남아공,South Africa,더반,Durban,"인도양 골든 마일 따뜻한 해변, 남아공 속 인도 문화와 버니 차우"
902,아프리카,남아공,South Africa,스텔렌보스,Stellenbosch,"오크 나무 가로수 케이프 더치 양식, 프리미엄 케이프 와인 루트"
903,아프리카,남아공,South Africa,프리토리아,Pretoria,"봄철 7만 그루 보랏빛 자카란다 꽃 행정수도, 유니언 빌딩"
904,아프리카,남아공,South Africa,나이스나,Knysna,"가든 루트의 보석, 석호 굴 축제, 바다로 이어지는 더 헤즈 절벽"
905,아프리카,남아공,South Africa,프랑슈훅,Franschhoek,"위그노 프랑스 정착민의 미식 수도, 와인 트램 투어"
906,아프리카,남아공,South Africa,헤르마누스,Hermanus,"세계 최고의 육상 고래 관찰 명소, 클리프 패스 해안로"
907,아프리카,남아공,South Africa,포트엘리자베스,Port Elizabeth (Gqeberha),"선샤인 코스트 친절한 도시, 애도 코끼리 국립공원 관문"
908,아프리카,남아공,South Africa,넬스프루이트,Nelspruit (Mbombela),"크루거 국립공원 사파리 빅5 관문, 블라이드 리버 캐니언"
909,아프리카,케냐,Kenya,나이로비,Nairobi,"기린 장원(Giraffe Manor), 빌딩 숲 배경의 나이로비 국립공원 사파리"
910,아프리카,케냐,Kenya,몸바사,Mombasa,"16세기 포르투갈 예수 요새, 디아니 비치 백사장과 산호초"
911,아프리카,케냐,Kenya,라무,Lamu,자동차 없는 유네스코 스와힐리 전통 당나귀 섬 마을
912,아프리카,케냐,Kenya,나쿠루,Nakuru,나쿠루 호수 수백만 마리 홍학 떼와 코뿔소 보호구역
913,아프리카,탄자니아,Tanzania,다르에스살람,Dar es Salaam,"탄자니아 최대 항구도시, 키부코니 활기찬 어시장, 페리"
914,아프리카,탄자니아,Tanzania,스톤타운(잔지바르),Stone Town (Zanzibar),"프레디 머큐리 생가, 정향 향신료 무역 골목, 아랍풍 목조 문"
915,아프리카,탄자니아,Tanzania,아루샤,Arusha,세렌게티 국립공원 & 응고롱고로 분화구 사파리 원정 기지
916,아프리카,탄자니아,Tanzania,모시,Moshi,"아프리카 최고봉 킬리만자로산(5,895m) 트레킹 출발 도시"
917,아프리카,에티오피아,Ethiopia,아디스아바바,Addis Ababa,"320만 년 전 인류 조상 루시 화석 국립박물관, 아프리카연합(AU) 본부"
918,아프리카,에티오피아,Ethiopia,랄리벨라,Lalibela,하나의 붉은 바위를 파내어 만든 11개 중세 십자가 암굴 교회군
919,아프리카,에티오피아,Ethiopia,곤다르,Gondar,"아프리카의 카멜롯, 파실 게비 에티오피아 제국 황제들의 성채"
920,아프리카,르완다,Rwanda,키갈리,Kigali,"아프리카에서 가장 깨끗하고 안전한 수도, 화해와 재생의 르완다"
921,아프리카,르완다,Rwanda,무산제,Musanze,화산국립공원 멸종위기 마운틴 고릴라 트레킹 전초기지
922,아프리카,우간다,Uganda,캄팔라,Kampala,"빅토리아 호반의 7개 언덕 도시, 카수비 우간다 왕릉"
923,아프리카,우간다,Uganda,진자,Jinja,"세계 최장 나일강의 역사적 발원지, 화이트워터 래프팅 수도"
924,아프리카,잠비아,Zambia,리빙스턴(빅토리아폭포),Victoria Falls (Livingstone),"세계 3대 폭포 빅토리아 폭포 악마의 수영장, 잠베지강 선셋 크루즈"
925,아프리카,짐바브웨,Zimbabwe,빅토리아폴스타운,Victoria Falls Town,천둥 치는 연기(모시오아툰야) 빅토리아 폭포 정면 뷰 산책로
926,아프리카,나미비아,Namibia,빈트후크,Windhoek,"독일 식민지 루터교 그리스도 교회, 소서스블레이 붉은 사구 관문"
927,아프리카,나미비아,Namibia,스와코프문트,Swakopmund,"나미브 사막과 대서양 파도가 만나는 곳, 쿼드바이크와 샌드보딩"
928,아프리카,나미비아,Namibia,월비스베이,Walvis Bay,"거대한 플라밍고 펠리컨 석호, 펠리컨 포인트 바다표범 카약"
929,아프리카,보츠와나,Botswana,가보로네,Gaborone,"다이아몬드의 나라 보츠와나 수도, 오카방고 델타 관문"
930,아프리카,보츠와나,Botswana,마운,Maun,세계 최대 내륙 삼각주 오카방고 델타 모코로(카누) 사파리 기지
931,아프리카,보츠와나,Botswana,카사네,Kasane,"초베 국립공원 보트 사파리, 10만 마리 아프리카 코끼리 천국"
932,아프리카,모리셔스,Mauritius,포트루이스,Port Louis,"르 몬 산, 7색 모래 언덕 샤마렐, 최고급 럭셔리 라군 리조트"
933,아프리카,세이셸,Seychelles,빅토리아(세이셸),Victoria (Seychelles),"세계에서 가장 작은 수도, 시계탑, 라디그 앙수스다정 해변 관문"
934,아프리카,마다가스카르,Madagascar,안타나나리보,Antananarivo,"루바 안타나나리보 여왕궁전, 고유종 여우원숭이 관문"
935,아프리카,마다가스카르,Madagascar,모론다바,Morondava,수백 년 된 신비로운 거대 바오밥 나무 거리(Allée des Baobabs)
936,아프리카,마다가스카르,Madagascar,노시베,Nosy Be,일랑일랑 향기 나는 모잠비크 해협 산호초 휴양 섬
937,아프리카,튀니지,Tunisia,튀니스,Tunis,"바르도 고대 로마 모자이크 박물관, 카르타고 유네스코 유적"
938,아프리카,튀니지,Tunisia,시디부사이드,Sidi Bou Said,지중해를 굽어보는 파란 창문과 하얀 벽의 예술가 마을
939,아프리카,튀니지,Tunisia,수스,Sousse,"지중해 해변 요새 리바트, 유네스코 메디나 구시가지"
940,아프리카,알제리,Algeria,알제,Algiers,"백색의 알제, 카스바 유네스코 오스만 언덕 미로 요새"
941,아프리카,알제리,Algeria,오랑,Oran,"알베르 카뮈 소설 페스트의 무대, 산타 크루즈 요새"
942,아프리카,세네갈,Senegal,다카르,Dakar,"아프리카 대륙 최서단, 노예무역 역사 고레 섬, 다카르 랠리"
943,아프리카,세네갈,Senegal,생루이(세네갈),Saint-Louis (Senegal),세네갈강 하구 프랑스 식민지 목조 발코니 건축 유산
944,아프리카,가나,Ghana,아크라,Accra,"블랙스타 스퀘어 광장, 자말라 판타지 관(Coffin) 예술"
945,아프리카,가나,Ghana,케이프코스트,Cape Coast,대서양 노예무역의 슬픈 문 케이프 코스트 성 요새
946,아프리카,나이지리아,Nigeria,라고스(나이지리아),Lagos (Nigeria),"아프리카 최대 메가시티, 나이지리아 아프로비츠 음악과 놀리우드 영화"
947,아프리카,코트디부아르,Ivory Coast,아비장,Abidjan,"서아프리카의 맨해튼 플라토 지구, 성 바오로 대성당"
948,아프리카,모잠비크,Mozambique,마푸투,Maputo,"에펠이 설계한 철의 집과 중앙역, 인도양 해산물 요리"
949,아프리카,앙골라,Angola,루안다,Luanda,"대서양 마르지날 해안도로, 상 미겔 요새"
950,아프리카,카보베르데,Cape Verde,프라이아,Praia,"대서양 군도 수도 플라토 지구, 크리올 음악 모르나"
951,아프리카,카보베르데,Cape Verde,산타마리아(살섬),Santa Maria (Sal),"연중 바람 부는 황금빛 백사장, 세계 윈드서핑 성지"
952,아프리카,상투메프린시페,Sao Tome and Principe,상투메,Sao Tome,"적도 기니만의 초콜릿 아일랜드, 카카오 농장 로사"
953,아프리카,지부티,Djibouti,지부티시티,Djibouti City,"아살 호수 초염호수, 고래상어 스노클링 관문"
954,아프리카,서사하라,Morocco/Western Sahara,다클라,Dakhla,"사막 석호 에메랄드빛 바다, 세계 카이트서핑의 메카"
955,아프리카,에리트레아,Eritrea,아스마라,Asmara,완벽하게 보존된 1930년대 이탈리아 파시스트 퓨처리즘 아르데코 건축 유네스코 유산
956,오세아니아,호주,Australia,시드니,Sydney,"시드니 오페라하우스, 하버브리지 클라이밍, 본다이 비치 서핑"
957,오세아니아,호주,Australia,멜버른,Melbourne,"골목길 카페 플랫화이트 문화, 그레이트 오션 로드 12사도상"
958,오세아니아,호주,Australia,브리즈번,Brisbane,"사우스뱅크 도심 인공 비치, 론파인 코알라 안아보기"
959,오세아니아,호주,Australia,골드코스트,Gold Coast,"서퍼스 파라다이스, 70km 황금 해변, 무비월드 테마파크"
960,오세아니아,호주,Australia,퍼스,Perth,"킹스 파크, 로트네스트 섬 웃는 쿼카 셀카, 코트슬로 일몰"
961,오세아니아,호주,Australia,애들레이드,Adelaide,"세계적 쉬라즈 와인 산지 바로사 밸리, 센트럴 마켓"
962,오세아니아,호주,Australia,케언스,Cairns,"그레이트 배리어 리프(대보초) 스노클링, 쿠란다 열대우림 기차"
963,오세아니아,호주,Australia,호바트,Hobart,"태즈메이니아 주도, 살라망카 토요 마켓, MONA 지하 현대미술관"
964,오세아니아,호주,Australia,다윈,Darwin,"카카두 국립공원 악어 점핑 크루즈, 민딜 비치 선셋 야시장"
965,오세아니아,호주,Australia,캔버라,Canberra,"계획수도 벌리그리핀 호수, 호주 전쟁기념관, 국회의사당"
966,오세아니아,호주,Australia,앨리스스프링스,Alice Springs,"호주 붉은 심장 아웃백, 울루루(에어즈록) 카타추타 투어 기지"
967,오세아니아,호주,Australia,바이런베이,Byron Bay,"호주 본토 최동단 등대, 자유로운 힐링과 서핑의 성지"
968,오세아니아,호주,Australia,브룸,Broome,"케이블 비치 22km 백사장 낙타 행렬, 달로 가는 계단 조수간만의 차"
969,오세아니아,호주,Australia,누사헤즈,Noosa Heads,"선샤인 코스트 고급 휴양지, 누사 국립공원 해안 산책로"
970,오세아니아,호주,Australia,포트더글러스,Port Douglas,"포마일 비치 야자수 해변, 데인트리 고대 열대우림 관문"
971,오세아니아,호주,Australia,프리맨틀,Fremantle,"퍼스 근교 유서 깊은 항구, 주말 마켓과 수제 맥주 리틀 크리처스"
972,오세아니아,호주,Australia,론세스턴,Launceston,"카타랙트 협곡 체어리프트, 브라이드스토우 라벤더 농장"
973,오세아니아,호주,Australia,뉴캐슬(호주),Newcastle (Australia),"노비스 등대 해안 드라이브, 활기찬 서핑 비치"
974,오세아니아,뉴질랜드,New Zealand,오클랜드,Auckland,"스카이 타워 328m 점프, 항해의 도시 요트, 와이헤케 와인 섬"
975,오세아니아,뉴질랜드,New Zealand,퀸스타운,Queenstown,"세계 번지점프 발상지 카와라우 다리, 와카티푸 호수, 퍼그버거"
976,오세아니아,뉴질랜드,New Zealand,웰링턴,Wellington,"영화 반지의 제왕 웨타 워크숍, 테 파파 국립박물관, 레드 케이블카"
977,오세아니아,뉴질랜드,New Zealand,크라이스트처치,Christchurch,"남섬의 정원 도시, 에이번강 펀팅 보트, 컨테이너 리스타트 몰"
978,오세아니아,뉴질랜드,New Zealand,로토루아,Rotorua,"유황 간헐천 테 푸이아, 마오리 민속 하카 공연, 폴리네시안 스파"
979,오세아니아,뉴질랜드,New Zealand,더니든,Dunedin,"기네스북 세계에서 가장 가파른 볼드윈 거리, 스코틀랜드풍 라르나크 성"
980,오세아니아,뉴질랜드,New Zealand,네이피어,Napier,"1931년 지진 후 재건된 세계적인 아르데코 양식 도시, 와이너리"
981,오세아니아,뉴질랜드,New Zealand,넬슨,Nelson,"뉴질랜드 일조량 1위, 아벨 태즈먼 국립공원 황금빛 해변 카약"
982,오세아니아,뉴질랜드,New Zealand,타우포,Taupo,"싱가포르 크기 초대형 타우포 호수, 초당 22만 리터 후카 폭포"
983,오세아니아,뉴질랜드,New Zealand,와나카,Wanaka,"호수 속에 홀로 자란 나홀로 나무(That Wanaka Tree), 로이즈 피크"
984,오세아니아,뉴질랜드,New Zealand,타우랑가,Tauranga (Mount Maunganui),"마웅가누이 산 바다 조망 하이킹, 플렌티만 서핑 비치"
985,오세아니아,뉴질랜드,New Zealand,테아나우,Te Anau,"신비로운 반딧불이 동굴, 피오르드랜드 밀포드 사운드 관문"
986,오세아니아,뉴질랜드,New Zealand,파이히아(베이오브아일랜즈),Paihia (Bay of Islands),"뉴질랜드 건국 와이탕이 조약관, 144개 섬 돌고래 크루즈"
987,오세아니아,뉴질랜드,New Zealand,카이코우라,Kaikoura,"거대한 향유고래 관찰 보트 크루즈, 자연산 바닷가재(랍스터)"
988,오세아니아,피지,Fiji,수바,Suva,"피지 수도, 피지 박물관, 콜로이수바 열대우림 폭포 수영"
989,오세아니아,피지,Fiji,난디,Nadi,"스리 시바 수브라마니야 힌두 사원, 마마누카 제도 산호초 리조트"
990,오세아니아,프렌치폴리네시아,French Polynesia,파페에테,Papeete,"타히티 섬 수도, 바이에테 광장 푸드트럭 룰로트, 흑진주"
991,오세아니아,프렌치폴리네시아,French Polynesia,보라보라,Bora Bora,"태평양의 진주 오테마누산, 수상 방갈로 에메랄드빛 라군"
992,오세아니아,프렌치폴리네시아,French Polynesia,무레아,Moorea,"쿡스만 절경, 가오리와 상어 스노클링, 파인애플 농장"
993,오세아니아,뉴칼레도니아,New Caledonia,누메아,Noumea,"남태평양의 작은 파리, 세계 최대 라군 유네스코 산호초, 아메데 등대"
994,오세아니아,괌,Guam,하갓냐,Hagåtña,"아가냐 스페인 광장, 차모로 빌리지 수제 야시장, 투몬만"
995,오세아니아,북마리아나제도,Northern Mariana Islands,사이판,Saipan,"마나가하섬 환상적인 에메랄드 비치, 그로토 수중동굴 다이빙"
996,오세아니아,사모아,Samoa,아피아,Apia,"화산 함몰지 천연 수영장 토수아 오션 트렌치, 로버트 루이스 스티븐슨 박물관"
997,오세아니아,바누아투,Vanuatu,포트빌라,Port Vila,"세계 최초 수중 우체국, 멜레 폭포, 타나섬 야수르 활화산 투어 관문"
998,오세아니아,팔라우,Palau,코로르,Koror,"신들의 바다정원 락 아일랜드, 독 없는 해파리 호수(Jellyfish Lake), 블루홀"
999,오세아니아,통가,Tonga,누쿠알로파,Nuku'alofa,"남태평양 마지막 왕국의 수도, 통가 왕궁, 혹등고래 수영 투어"
1000,오세아니아,쿡제도,Cook Islands,라로통가,Rarotonga,"둥근 환초 섬 드라이브, 무리 라군 스노클링, 폴리네시아 나이트"
